"","tissue_cluster","an1","Antioxidant_fusion","Response_fusion","Generation_fusion","anti_all","resp_all","gener_all","tissue","system","system1","color"
"1","Abomasum_0",0.179869801217634,6.85629344448642e-07,5.40723666850215e-07,6.5510560066586e-07,0.187036077203788,0.0753426304385126,0.114707917225644,"Abomasum","Digestion system",2,"#87CEEB"
"2","Abomasum_1",0.0490174068947082,3.75913221855104e-07,6.79579294543641e-07,2.91321768846132e-07,0.0532354025749476,0.119217646833401,0.00214089355798926,"Abomasum","Digestion system",2,"#87CEEB"
"3","Abomasum_10",-0.0881958728064789,3.06449682906292e-07,4.29424346974645e-07,6.39287252640379e-07,-0.0503405545172391,0.00566660719436314,0.0143385816271704,"Abomasum","Digestion system",2,"#87CEEB"
"4","Abomasum_11",0.105700588050761,6.5704298852798e-07,9.7359971545321e-07,2.67322423436316e-07,0.137161594740471,0.0688167644216574,-0.0424503692690147,"Abomasum","Digestion system",2,"#87CEEB"
"5","Abomasum_12",0.287520325971198,3.57068544897849e-06,7.42838220618797e-07,7.61249849572502e-07,0.362607687627588,0.036405159595615,0.0832245104245881,"Abomasum","Digestion system",2,"#87CEEB"
"6","Abomasum_13",0.0161190106414222,6.32512840100862e-07,3.19957722958704e-07,2.57919356141106e-07,0.153338300068994,-0.0702782116883151,-0.019260776587734,"Abomasum","Digestion system",2,"#87CEEB"
"7","Abomasum_14",-0.0844685281469791,2.55079404019573e-07,4.59597435787604e-07,2.16889190357021e-07,-0.111069575002093,0.0182281674848472,-0.0657294095721746,"Abomasum","Digestion system",2,"#87CEEB"
"8","Abomasum_15",-0.144157168687596,2.11343676089325e-07,5.00453560223183e-07,4.84649249744077e-07,-0.0857828116567738,-0.00882352755434473,-0.0268142820557285,"Abomasum","Digestion system",2,"#87CEEB"
"9","Abomasum_16",0.0640471968747323,4.16173806071482e-07,5.83617583546132e-07,2.67607386241838e-07,0.0682178714072606,0.0200603899612232,-0.0482574767211363,"Abomasum","Digestion system",2,"#87CEEB"
"10","Abomasum_17",0.103310594081402,5.91782992525917e-07,5.60734134659642e-07,1.56574638531798e-06,0.0164014355425003,-0.0190630510629451,0.163037063534157,"Abomasum","Digestion system",2,"#87CEEB"
"11","Abomasum_18",0.0194552187588437,8.84147559770681e-07,1.87476287597567e-06,3.77373647061422e-07,0.223183037363153,0.176692712258453,0.0241608608331229,"Abomasum","Digestion system",2,"#87CEEB"
"12","Abomasum_19",-0.0158846093356587,2.71815337087516e-07,3.08322553391806e-07,2.23904737182075e-07,-0.0292335523901163,-0.0914267683271449,-0.0664863245526747,"Abomasum","Digestion system",2,"#87CEEB"
"13","Abomasum_2",0.0017189052777841,3.03052219739106e-07,2.86712168831328e-07,2.17153986986382e-07,0.0115264735399444,-0.0917190090406202,-0.0681162260158687,"Abomasum","Digestion system",2,"#87CEEB"
"14","Abomasum_20",-0.133460703521559,2.11820255564183e-07,6.00109515389551e-07,3.96032606047951e-07,-0.103801688062981,0.0941705789926944,0.0413811105077754,"Abomasum","Digestion system",2,"#87CEEB"
"15","Abomasum_21",0.348268711210987,8.73207603793328e-07,5.18029935162111e-07,3.09551073205717e-07,0.179165162823528,-0.00183754864030667,-0.0427328617945622,"Abomasum","Digestion system",2,"#87CEEB"
"16","Abomasum_3",-0.0422430533809287,2.27385825088556e-07,4.1821351519436e-07,2.25497258864396e-07,-0.0603369859162008,-0.0253661796185552,-0.061331477320279,"Abomasum","Digestion system",2,"#87CEEB"
"17","Abomasum_4",0.167666464812848,6.3890838955603e-07,6.57283274954608e-07,3.40452799566402e-07,0.186831221098864,0.138911319131778,0.0121892093741149,"Abomasum","Digestion system",2,"#87CEEB"
"18","Abomasum_5",0.023599814975676,4.71262794992641e-07,3.24925673705702e-07,3.06703006322214e-07,0.028853494311034,-0.0724341406357969,-0.0353025392171355,"Abomasum","Digestion system",2,"#87CEEB"
"19","Abomasum_6",-0.0779683591115699,1.59117955699162e-07,3.43660606807283e-07,1.96168062787736e-07,-0.110333448747334,-0.0639617176598955,-0.0784368730194489,"Abomasum","Digestion system",2,"#87CEEB"
"20","Abomasum_7",0.0100668452798543,4.44368210478298e-07,4.02705822354185e-07,2.33061019807284e-07,0.0935130683561484,-0.0489456046481341,-0.0296343999361367,"Abomasum","Digestion system",2,"#87CEEB"
"21","Abomasum_8",-0.0981952367967771,2.22684466550591e-07,3.69876243295045e-07,2.87970038359188e-07,-0.0970272898866021,-0.0341762030608933,-0.043759546152879,"Abomasum","Digestion system",2,"#87CEEB"
"22","Abomasum_9",0.0609949093508952,3.95986326807382e-07,2.83695951425181e-07,3.22132333478889e-07,0.0315468397026201,-0.0966032378042946,-0.0594013540453879,"Abomasum","Digestion system",2,"#87CEEB"
"152","Cecum_0",-0.0922983763843372,2.43829810152758e-07,3.475822343418e-07,3.68961400637972e-07,-0.069214729975252,-0.0292394150921091,-0.00995698153895888,"Cecum","Digestion system",2,"#87CEEB"
"153","Cecum_1",-0.066288250303264,2.61489400177934e-07,3.87757246098999e-07,4.04786074662e-07,-0.0737444153839653,-0.0108010384522049,-0.000739110647878386,"Cecum","Digestion system",2,"#87CEEB"
"154","Cecum_10",0.00846171744368449,5.79729560184316e-07,8.44544007585302e-07,3.06367018977993e-06,-0.0229271412648444,0.0526357890206104,0.282905639009572,"Cecum","Digestion system",2,"#87CEEB"
"155","Cecum_11",-0.121672289657011,2.95533328522891e-07,6.77781892712502e-07,6.2690469913324e-07,-0.0511324415408396,0.0409242792092001,0.0139534937450988,"Cecum","Digestion system",2,"#87CEEB"
"156","Cecum_12",0.0590671849328931,6.85885833728352e-07,4.51342422561642e-07,3.07267371815736e-07,0.165530581037254,-0.0283251533519367,-0.00323812222927266,"Cecum","Digestion system",2,"#87CEEB"
"157","Cecum_13",0.0894529049740802,7.88056861728856e-07,5.07913594186027e-07,4.85546813191076e-07,0.166792456566659,0.0579866417322352,-0.000483446505347495,"Cecum","Digestion system",2,"#87CEEB"
"158","Cecum_14",0.277849823531695,1.59566736710622e-06,5.94985753998422e-07,3.76454946146936e-07,0.397273905667494,0.0416809211036711,-0.00992343417176567,"Cecum","Digestion system",2,"#87CEEB"
"159","Cecum_15",0.386519612752695,2.24007495207615e-06,7.93327535388339e-07,3.74416822526068e-07,0.502344680410066,0.0612852302757973,0.00445121970194791,"Cecum","Digestion system",2,"#87CEEB"
"160","Cecum_16",0.142092478940988,1.87015991150849e-06,1.53776603156765e-06,4.40345107355293e-07,0.354771114651098,0.150601699117768,0.0324260629776911,"Cecum","Digestion system",2,"#87CEEB"
"161","Cecum_17",0.186867860282147,1.18291707365324e-06,3.87562475239983e-07,2.99804801999111e-07,0.347787414068709,-0.0312606935353204,0.00909833092085684,"Cecum","Digestion system",2,"#87CEEB"
"162","Cecum_18",0.103642489794377,4.5826238358209e-07,4.59530163225146e-07,3.48086915720239e-07,-0.0256408915060479,-0.00857034124978522,-0.0142519027744844,"Cecum","Digestion system",2,"#87CEEB"
"163","Cecum_19",0.0437176829983671,4.74772118330625e-07,4.88259177084725e-07,5.61880079079407e-07,0.0576384683640799,0.0279094279521864,0.0309085131802509,"Cecum","Digestion system",2,"#87CEEB"
"164","Cecum_2",-0.0763591039696821,2.56172380127456e-07,3.52852172459021e-07,3.78098062196022e-07,-0.0607792021977824,-0.0321228474159981,-0.00662539998188597,"Cecum","Digestion system",2,"#87CEEB"
"165","Cecum_20",0.330573975050618,1.95246328666721e-06,4.25182988285329e-07,5.36845525063542e-07,0.424861080494757,-0.00617328544164917,0.00493303404452617,"Cecum","Digestion system",2,"#87CEEB"
"166","Cecum_21",0.395304686064944,1.8097799960919e-06,4.0481119494215e-07,6.04406253856892e-07,0.428359507576563,-0.0210612517809448,0.0266933498050842,"Cecum","Digestion system",2,"#87CEEB"
"167","Cecum_3",-0.157820846289992,1.62292230606979e-07,3.68734461170773e-07,3.07154982092143e-07,-0.172926711845899,-0.0334734188084719,-0.0237061804743331,"Cecum","Digestion system",2,"#87CEEB"
"168","Cecum_4",-0.0995785357434723,2.80002714285425e-07,4.14213594326052e-07,1.25226796007355e-06,-0.0446401823048501,0.000711387288264376,0.075865512213166,"Cecum","Digestion system",2,"#87CEEB"
"169","Cecum_5",-0.0661601352805043,3.40817077436062e-07,4.26825082329048e-07,3.85816459436945e-07,-0.000533711689158389,0.0125413694079219,-0.0101255862050262,"Cecum","Digestion system",2,"#87CEEB"
"170","Cecum_6",0.0423399881590868,4.00957252812737e-07,3.49202360986311e-07,4.76612147461754e-07,0.0119663709156951,-0.0550005136656607,-0.0367613344065661,"Cecum","Digestion system",2,"#87CEEB"
"171","Cecum_7",0.298222117984342,1.06418770929975e-06,8.19897317246027e-07,3.79667415132844e-07,0.14720588367732,0.168463516694843,0.0288335513335033,"Cecum","Digestion system",2,"#87CEEB"
"172","Cecum_8",0.0913014752250286,8.14516091045062e-07,5.34766651450736e-07,8.59479159479268e-07,0.171799556411892,-0.00131490636733573,0.0990756279088299,"Cecum","Digestion system",2,"#87CEEB"
"173","Cecum_9",0.229628579283446,1.02822675078442e-06,7.56795511057388e-07,1.84913457723308e-06,0.219244453954374,0.0820009961591479,0.264931600276989,"Cecum","Digestion system",2,"#87CEEB"
"220","Colon_0",-0.107208945063782,2.12839809665209e-07,3.48409482134154e-07,3.61094190737559e-07,-0.0909574485067832,-0.0374798319647646,-0.0101792305885665,"Colon","Digestion system",2,"#87CEEB"
"221","Colon_1",-0.110169511904545,2.16110279321485e-07,3.55001654740447e-07,3.55388024839784e-07,-0.084368666201502,-0.0281686332547551,-0.0106976963117138,"Colon","Digestion system",2,"#87CEEB"
"222","Colon_10",0.148510048553769,5.51320741383776e-07,4.71379590250202e-07,2.98826105162261e-07,-0.00895684398589723,-0.000490181314721485,-0.00921566218148842,"Colon","Digestion system",2,"#87CEEB"
"223","Colon_11",0.0821818551070432,9.59049097493274e-07,9.23442203388768e-07,3.25317043598919e-07,0.140825299538136,0.0820873605854336,-0.00772027475965343,"Colon","Digestion system",2,"#87CEEB"
"224","Colon_12",0.0582520527625059,7.63510670563261e-07,5.11377313435908e-07,7.27157313655401e-07,0.134203374844371,-0.0179389720658784,0.0566150377543316,"Colon","Digestion system",2,"#87CEEB"
"225","Colon_13",-0.185543568879667,1.15261131052523e-07,3.74953023030402e-07,3.00092341005987e-07,-0.216225430629955,-0.0260817618013603,-0.0215962503348187,"Colon","Digestion system",2,"#87CEEB"
"226","Colon_14",-0.195996582753021,9.64605050277578e-08,4.17912991968157e-07,3.03037202460552e-07,-0.241612804557409,-0.043058542671653,-6.06890836655467e-05,"Colon","Digestion system",2,"#87CEEB"
"227","Colon_15",0.0823209539239485,7.17195772606727e-07,4.14247048916196e-07,2.55214477172774e-07,0.185492011205455,-0.0370871060011795,-0.0184125843336694,"Colon","Digestion system",2,"#87CEEB"
"228","Colon_16",-0.064784477442491,5.63804366412871e-07,5.99777646608117e-07,6.1994888243552e-07,0.0878699313502874,0.0140588759911381,0.0262937259322704,"Colon","Digestion system",2,"#87CEEB"
"229","Colon_17",0.16364102887016,8.13943988263683e-07,4.40129019433416e-07,4.08509486031491e-07,0.208613800264578,0.03651705888023,-0.0209731718419555,"Colon","Digestion system",2,"#87CEEB"
"230","Colon_18",0.365070316314514,7.81030450483748e-07,5.28347647922048e-07,3.47938114214513e-06,0.052529942328682,-0.041243140833429,0.343331582402319,"Colon","Digestion system",2,"#87CEEB"
"231","Colon_2",-0.100720977489163,2.07225004271871e-07,3.7391317494872e-07,3.67369366232371e-07,-0.104236964068774,-0.0194370711291908,-0.0132389530648546,"Colon","Digestion system",2,"#87CEEB"
"232","Colon_3",-0.172664811793688,1.27341853165333e-07,3.5511782779551e-07,2.82096922574718e-07,-0.196629695661245,-0.0461914946491878,-0.0279956432179271,"Colon","Digestion system",2,"#87CEEB"
"233","Colon_4",-0.0716230502751403,3.25560999096826e-07,4.37181039681261e-07,3.93407338708534e-07,0.000564603055851629,0.0164493456324837,-0.00758231569386283,"Colon","Digestion system",2,"#87CEEB"
"234","Colon_5",-0.0688910914776393,3.29923069372913e-07,4.03405847794506e-07,1.07175487724716e-06,-0.00058739216615251,-0.00464745629367117,0.0699636285945597,"Colon","Digestion system",2,"#87CEEB"
"235","Colon_6",0.0573807359428015,4.18160852645004e-07,3.39982287890357e-07,4.72114965049822e-07,0.036472145448045,-0.061562269327419,-0.0347660149883281,"Colon","Digestion system",2,"#87CEEB"
"236","Colon_7",0.258079828756515,9.6620676175773e-07,4.88356526743061e-07,1.0547344777378e-06,0.185946493146374,-0.0188329563105347,0.204046009852995,"Colon","Digestion system",2,"#87CEEB"
"237","Colon_8",0.0316804019538818,5.05950313452133e-07,4.85455818104802e-07,6.47277544942323e-07,0.069695721191952,0.0662523588728714,-0.00495303730570693,"Colon","Digestion system",2,"#87CEEB"
"238","Colon_9",0.307250261892834,1.24418736524455e-06,6.82432974707163e-07,3.45479015221594e-07,0.183735931242174,0.12788652495919,0.0290426361138207,"Colon","Digestion system",2,"#87CEEB"
"239","Duodenum_0",0.0878422122112795,3.54675004038668e-07,3.37006247414704e-07,4.17929536451781e-07,-0.00320808497462269,-0.0628032823055083,-0.0516660668118662,"Duodenum","Digestion system",2,"#87CEEB"
"240","Duodenum_1",-0.0389585951375416,2.73504737068139e-07,3.6012513083463e-07,3.29666127246024e-07,-0.050804041710856,-0.0361238881967623,-0.0377745733160923,"Duodenum","Digestion system",2,"#87CEEB"
"241","Duodenum_10",0.089950725086992,7.24400708237489e-07,6.12552874079267e-07,1.08118078608794e-06,0.0933787707031418,0.0243698807170009,0.0854616123172161,"Duodenum","Digestion system",2,"#87CEEB"
"242","Duodenum_11",0.151002418927123,4.3882140990276e-07,4.32265828386703e-07,2.76839545438492e-07,0.00125251737575646,0.00937904813397727,-0.0537520741960672,"Duodenum","Digestion system",2,"#87CEEB"
"243","Duodenum_12",0.0893480532285297,4.33140419877234e-07,7.07476146982164e-07,2.37555942639691e-07,0.00609175448977245,0.104890528911364,-0.0466686469597999,"Duodenum","Digestion system",2,"#87CEEB"
"244","Duodenum_13",0.280122470130055,7.70409070101877e-07,8.55283772748609e-07,2.46679420918109e-07,0.185239942105681,0.247613077785767,-0.0494415030594486,"Duodenum","Digestion system",2,"#87CEEB"
"245","Duodenum_14",0.142637168611373,1.16315324266079e-06,1.2518145277809e-06,3.45877050847865e-07,0.199012670444423,0.156866631761308,-0.000937259681487038,"Duodenum","Digestion system",2,"#87CEEB"
"246","Duodenum_15",-0.0389707320460874,3.3649425615252e-07,4.34582629384172e-07,5.03474894210075e-07,0.0140214423662958,0.0152241157241055,0.0230098427627556,"Duodenum","Digestion system",2,"#87CEEB"
"247","Duodenum_16",0.433490113638675,1.9735584800111e-06,4.2200470490941e-07,3.39238099880186e-07,0.454588610512536,-0.00409406931151636,0.0343056049520246,"Duodenum","Digestion system",2,"#87CEEB"
"248","Duodenum_17",0.114431934401999,4.52406760643878e-07,7.21655308745643e-07,3.32792567658561e-07,0.0166225475846128,0.125453518893163,0.0386094700108237,"Duodenum","Digestion system",2,"#87CEEB"
"249","Duodenum_18",0.0925204493418804,6.23538836144466e-07,5.16633105815572e-07,4.73390012944727e-07,0.0915639504030042,0.0615558158027053,-0.0192135722221413,"Duodenum","Digestion system",2,"#87CEEB"
"250","Duodenum_19",-0.0485950189519267,1.63772775048934e-07,7.29273672166188e-07,3.06360201157895e-07,-0.212339337043427,0.0336945764841071,0.0186412923889365,"Duodenum","Digestion system",2,"#87CEEB"
"251","Duodenum_2",-0.0698998901444289,2.3699134688342e-07,3.54244696495105e-07,3.71836481632397e-07,-0.0732475156413373,-0.0340140995728579,-0.0109434093152309,"Duodenum","Digestion system",2,"#87CEEB"
"252","Duodenum_20",0.345613003718179,1.25791103088819e-06,9.84728425187218e-07,3.03176304065609e-07,0.263679672462767,0.15660469877109,-0.0316301745291463,"Duodenum","Digestion system",2,"#87CEEB"
"253","Duodenum_21",0.369966717421148,1.31055443074993e-06,9.45458990977612e-07,3.38465663493385e-07,0.273350236912345,0.132290479980652,-0.0157163320179143,"Duodenum","Digestion system",2,"#87CEEB"
"254","Duodenum_22",-0.115280816473523,1.28244573421822e-07,4.20936456710693e-07,3.04572644210662e-07,-0.205055828109065,-0.0154934417978368,-0.0204194460388439,"Duodenum","Digestion system",2,"#87CEEB"
"255","Duodenum_3",0.433208748398703,9.28826473950135e-07,9.62724838494375e-07,3.21716635755425e-07,0.19445834784119,0.257375125307567,-0.000100402518981684,"Duodenum","Digestion system",2,"#87CEEB"
"256","Duodenum_4",-0.0310014015498371,2.73843362507188e-07,3.95302217005224e-07,3.72015650518281e-07,-0.0610425819778991,-0.0121328149580071,-0.0202025104273945,"Duodenum","Digestion system",2,"#87CEEB"
"257","Duodenum_5",0.287686400800363,8.20111559866318e-07,6.1485156792078e-07,1.17751489388827e-06,0.158249631742991,0.0515343776006877,0.198511550120711,"Duodenum","Digestion system",2,"#87CEEB"
"258","Duodenum_6",-0.0639046485467107,2.84275310618421e-07,4.30351421110702e-07,6.2257136809992e-07,-0.0293828737472789,0.00186056128002693,0.0169572478948936,"Duodenum","Digestion system",2,"#87CEEB"
"259","Duodenum_7",0.310171319141483,8.04404387359402e-07,5.32707913888048e-07,2.93153854129159e-07,0.215719942527346,0.0263647275348561,0.000314085715786873,"Duodenum","Digestion system",2,"#87CEEB"
"260","Duodenum_8",-0.123640224480003,1.81539777001347e-07,5.69852446360791e-07,4.44221857831246e-07,-0.113954730942559,0.00755935367688696,-0.0234619629601992,"Duodenum","Digestion system",2,"#87CEEB"
"261","Duodenum_9",-0.0072885403065543,2.41716909582307e-07,3.41364676293927e-07,3.87019948841076e-07,-0.079723717305359,-0.0602825468446676,-0.0501156388017089,"Duodenum","Digestion system",2,"#87CEEB"
"331","Ileum_0",-0.0810508045508369,2.09258107992356e-07,3.84937261619761e-07,3.73779998970112e-07,-0.0980197960237958,-0.0156996496578217,-0.0128386908773915,"Ileum","Digestion system",2,"#87CEEB"
"332","Ileum_1",-0.0794464396016801,2.31367359382061e-07,3.55689164487132e-07,3.81080392451647e-07,-0.072020437062576,-0.0359589373174834,-0.0122071486789145,"Ileum","Digestion system",2,"#87CEEB"
"333","Ileum_10",-0.0850892971179186,2.84387741373962e-07,5.71399571032882e-07,2.48590619689551e-07,-0.010678419398986,0.0152383470512611,-0.0133499354303187,"Ileum","Digestion system",2,"#87CEEB"
"334","Ileum_11",0.134451545201203,6.2050873210448e-07,6.27212494481436e-07,2.80562651763508e-07,0.0966197895845396,0.165792868306579,-0.0191847136075198,"Ileum","Digestion system",2,"#87CEEB"
"335","Ileum_12",-0.133119023358234,2.03708374964574e-07,5.18895728920774e-07,2.53407677806156e-07,-0.092497167763447,-0.00288181424652777,-0.013388962646842,"Ileum","Digestion system",2,"#87CEEB"
"336","Ileum_13",-0.0373305677958494,6.83055733205227e-07,1.49689605843197e-06,3.25621103645214e-07,0.107809435062441,0.176538782415642,-0.0154695922773215,"Ileum","Digestion system",2,"#87CEEB"
"337","Ileum_14",0.0430015996898126,4.12382738435127e-07,4.34393486834067e-07,3.88791360322305e-07,0.0725571084048193,0.0750388025059001,-0.0307015137589563,"Ileum","Digestion system",2,"#87CEEB"
"338","Ileum_15",-0.214018173413041,9.96441686153986e-08,4.37991948958678e-07,3.31791003929408e-07,-0.239636413629977,-0.00129630986998208,0.0198298382981547,"Ileum","Digestion system",2,"#87CEEB"
"339","Ileum_16",-0.101194378217152,3.40499170285883e-07,6.81695342319218e-07,7.65018319120287e-07,-0.0507321884522195,0.0510581011022471,0.0764927489059258,"Ileum","Digestion system",2,"#87CEEB"
"340","Ileum_17",-0.112836747882794,3.55680039513974e-07,1.06941387715371e-06,2.58839788249022e-06,-0.0213011629945395,0.116427240627399,0.23820345479181,"Ileum","Digestion system",2,"#87CEEB"
"341","Ileum_18",0.14773710188029,5.29977304971212e-07,4.27211201776195e-07,8.20260731192217e-07,0.0617928673065633,-0.0411546108908963,0.142771634474468,"Ileum","Digestion system",2,"#87CEEB"
"342","Ileum_19",0.0240656142491653,4.73830363492209e-07,3.92067420538347e-07,5.36451027220212e-07,0.104155914819391,-0.0150700446962534,0.0514271963722829,"Ileum","Digestion system",2,"#87CEEB"
"343","Ileum_2",-0.165567767535152,1.97856886032091e-07,7.49086783776338e-07,5.53281763118591e-07,-0.0841802964906257,0.0551038884376152,-0.00813870439403894,"Ileum","Digestion system",2,"#87CEEB"
"344","Ileum_20",0.0104777770314709,3.62246262111857e-07,4.26177439596221e-07,2.76736826915602e-07,-0.0518732271286873,-0.0209618394430304,-0.0382166545164668,"Ileum","Digestion system",2,"#87CEEB"
"345","Ileum_21",0.232436786666305,7.62280276322049e-07,1.32463598495183e-06,5.08457338081711e-07,0.176921170640455,0.275061758906691,0.08783382268376,"Ileum","Digestion system",2,"#87CEEB"
"346","Ileum_22",-0.037537296721887,3.53556672837912e-07,3.82907597492322e-07,3.39184640343258e-07,-0.0229457195738048,-0.0563116111925738,-0.0313456706701378,"Ileum","Digestion system",2,"#87CEEB"
"347","Ileum_23",-0.0484200058762686,2.59103339997314e-07,6.70726567832705e-07,2.96508424609978e-07,-0.0941456823755014,0.129859919773637,0.0186862815404875,"Ileum","Digestion system",2,"#87CEEB"
"348","Ileum_24",0.273251329930864,1.16090417209952e-06,1.29953415355101e-06,3.32452289824191e-07,0.260372473959734,0.184946613551973,-0.014017836700879,"Ileum","Digestion system",2,"#87CEEB"
"349","Ileum_25",0.093628855859642,9.83390758883126e-07,3.67060962379131e-07,3.24363242467853e-07,0.271933677115466,-0.0333570959667898,0.0175763556493835,"Ileum","Digestion system",2,"#87CEEB"
"350","Ileum_26",0.0456255593781924,3.61749622701574e-07,5.77248667156732e-07,3.2036628014031e-06,-0.0772499184504614,-0.0337107044983309,0.329495141069277,"Ileum","Digestion system",2,"#87CEEB"
"351","Ileum_27",0.0894219280840307,3.01273160322484e-07,4.62719548233091e-07,2.93764565050379e-07,-0.0195007969533465,0.0654360369307538,-0.00893303660636108,"Ileum","Digestion system",2,"#87CEEB"
"352","Ileum_28",0.269162112363501,1.34784186602203e-06,8.06157582077584e-07,2.79217767973669e-06,0.328771102580276,0.101173200304373,0.367971219580374,"Ileum","Digestion system",2,"#87CEEB"
"353","Ileum_3",0.0363725328113575,6.23496588150697e-07,8.50181913675678e-07,2.07392011564371e-06,-0.0144220447787666,0.0723660370425206,0.277518637703958,"Ileum","Digestion system",2,"#87CEEB"
"354","Ileum_4",-0.184074676228622,1.87046750199122e-07,6.96099109832744e-07,1.99371713657111e-06,-0.168945722435657,0.0364272430541574,0.196180904976361,"Ileum","Digestion system",2,"#87CEEB"
"355","Ileum_5",0.145563589082795,8.89993111418062e-07,6.28911268461361e-07,4.68981859142859e-07,0.216003557511976,0.124272756738238,-0.0078367162885387,"Ileum","Digestion system",2,"#87CEEB"
"356","Ileum_6",0.0231133755851562,3.18129196943676e-07,8.24696119315608e-07,2.1650919032171e-07,-0.000694758945145532,0.0779207884104099,-0.0750225267234996,"Ileum","Digestion system",2,"#87CEEB"
"357","Ileum_7",0.108862947530171,5.313563840194e-07,3.67443674790623e-07,4.90591430827666e-07,0.0883336973424946,-0.0367785910097192,-0.0205447707330568,"Ileum","Digestion system",2,"#87CEEB"
"358","Ileum_8",0.0915558566131187,4.11021234415594e-07,4.70958548747245e-07,2.20618388406852e-07,0.0318314458670279,0.0530002481097039,-0.0595348547396153,"Ileum","Digestion system",2,"#87CEEB"
"359","Ileum_9",-0.0497940548071118,3.38749941962605e-07,4.41054230267774e-07,1.01056681240662e-06,0.00534022647019015,0.0131068691845006,0.0651592438174416,"Ileum","Digestion system",2,"#87CEEB"
"532","Omasum_0",0.396441789368108,9.34696432602333e-07,1.27305217113747e-06,3.11519386049981e-07,0.269389853665317,0.132269457409742,-0.0178621326410226,"Omasum","Digestion system",2,"#87CEEB"
"533","Omasum_1",-0.0571352582206332,3.18192312448093e-07,5.0771903495871e-07,2.42055448508774e-07,-0.00192356627996841,-0.0169961946212998,-0.0319354425231087,"Omasum","Digestion system",2,"#87CEEB"
"534","Omasum_10",0.155598334361522,5.38614750271041e-07,7.30278066707047e-07,3.17700704789526e-07,0.0962273276427396,0.0396866370510553,-0.0221750850321917,"Omasum","Digestion system",2,"#87CEEB"
"535","Omasum_11",-0.0443646798241865,3.08172253163102e-07,5.5287542353623e-07,2.38241382135197e-07,0.00851989162610141,-0.00585195776019921,-0.0330141840838218,"Omasum","Digestion system",2,"#87CEEB"
"536","Omasum_12",0.0135914603733221,6.57876424765903e-07,7.30226082136925e-07,1.64784528492021e-06,0.0500339097164206,0.0406694726606474,0.138446182083141,"Omasum","Digestion system",2,"#87CEEB"
"537","Omasum_13",0.183502681925356,6.34760465407487e-07,3.83758725526912e-07,2.87926183710581e-07,0.0938484503935085,-0.0551699762837272,-0.0631178001850376,"Omasum","Digestion system",2,"#87CEEB"
"538","Omasum_14",0.173079630256989,1.16136395601772e-06,7.7470238275698e-07,4.88268812916251e-07,0.279276017761283,0.0796824146143541,-0.000745896885236391,"Omasum","Digestion system",2,"#87CEEB"
"539","Omasum_15",-0.0314252708020386,3.52656108383787e-07,3.5274516702093e-07,4.00468084802116e-07,0.0256406375103272,-0.0723433287102594,-0.00727381840993916,"Omasum","Digestion system",2,"#87CEEB"
"540","Omasum_16",0.0574500820176229,5.09132337224881e-07,3.54606470639714e-07,3.25783353807527e-07,0.0989977141059701,-0.0435953574736943,-0.0292681218367575,"Omasum","Digestion system",2,"#87CEEB"
"541","Omasum_2",0.00978227288195043,3.69279685600491e-07,3.55988946332496e-07,3.77901627211874e-07,-0.0109609540409675,-0.0541879512005517,-0.0134280647695104,"Omasum","Digestion system",2,"#87CEEB"
"542","Omasum_3",0.249243743654021,1.55570004444357e-06,4.85702576465281e-07,3.99877564432141e-07,0.384081405311276,0.012487663888835,-0.023014393651691,"Omasum","Digestion system",2,"#87CEEB"
"543","Omasum_4",-0.0165516462987635,3.5940375626528e-07,3.32232931455432e-07,2.4180992068937e-07,0.0438785925059016,-0.0723133601653147,-0.039181315208311,"Omasum","Digestion system",2,"#87CEEB"
"544","Omasum_5",0.428606979238993,2.48126674233176e-06,5.9157261226811e-07,4.22511344278844e-07,0.514163674435273,0.117536557926535,-0.0176773741375627,"Omasum","Digestion system",2,"#87CEEB"
"545","Omasum_6",0.591675069782368,4.28325149393318e-06,5.55391508351886e-07,6.55911403725163e-07,0.541493512557133,0.0927468207381138,0.0299478244003653,"Omasum","Digestion system",2,"#87CEEB"
"546","Omasum_7",0.301138978590768,7.66417273428645e-07,5.19238604766081e-07,2.72087531274125e-07,0.209479620685815,-0.00508070770974731,-0.0408619574402708,"Omasum","Digestion system",2,"#87CEEB"
"547","Omasum_8",0.215446524028677,8.03035126275509e-07,1.05653670629457e-06,3.01418001784631e-07,0.112956818713052,0.0874576837084774,-0.0325204590785397,"Omasum","Digestion system",2,"#87CEEB"
"548","Omasum_9",-0.00562764715137944,2.94961846265698e-07,3.46581686329055e-07,2.93995483092502e-07,-0.0289613291321664,-0.0617826180515046,-0.0427809293471587,"Omasum","Digestion system",2,"#87CEEB"
"684","Rectum_0",-0.10642933537686,2.34004495509271e-07,3.56390308624355e-07,3.58366113550314e-07,-0.0922815147681619,-0.026534056562766,-0.0075429172663299,"Rectum","Digestion system",2,"#87CEEB"
"685","Rectum_1",-0.108519891023181,2.07724811194262e-07,3.53458776104727e-07,3.61379180138531e-07,-0.104245523876079,-0.0342955408036,-0.00798141845796843,"Rectum","Digestion system",2,"#87CEEB"
"686","Rectum_10",0.1497012064098,1.12882633627214e-06,5.17675959626234e-07,4.3608628773696e-07,0.250574925177718,0.083437843493501,-0.0031261955540916,"Rectum","Digestion system",2,"#87CEEB"
"687","Rectum_11",-0.0857313103101607,2.49256724857294e-07,4.4529208570704e-07,3.06723082033584e-07,-0.115099570622952,-0.0273140862676207,-0.0430790431856471,"Rectum","Digestion system",2,"#87CEEB"
"688","Rectum_12",0.50158480302784,1.17748713481109e-06,4.93831828705786e-07,6.19764471382526e-06,0.149282916761064,-0.0505369068357394,0.442602650896593,"Rectum","Digestion system",2,"#87CEEB"
"689","Rectum_13",0.0767468587579431,8.05269420724784e-07,5.54001917558775e-07,6.85053730173846e-07,0.156756998860249,0.000206890611788452,0.0795448916483087,"Rectum","Digestion system",2,"#87CEEB"
"690","Rectum_14",0.0452254193436979,4.66583164645039e-07,3.25812571426795e-07,3.81045966393104e-07,-0.00500246899543911,-0.0738537208145204,-0.0455288379131089,"Rectum","Digestion system",2,"#87CEEB"
"691","Rectum_15",0.10302878803261,1.14755172575711e-06,8.39727418184111e-07,1.35417548868742e-06,0.298829292536404,0.0479039928469075,0.204371561462812,"Rectum","Digestion system",2,"#87CEEB"
"692","Rectum_16",-0.0537166184191423,1.22690042779105e-07,6.38684382624275e-07,2.90174079502453e-07,-0.246512526640797,0.0157979809777511,0.00565150836811815,"Rectum","Digestion system",2,"#87CEEB"
"693","Rectum_17",0.201761192213569,1.66118040054218e-06,5.89370560187069e-07,3.10375883050358e-07,0.4389082673795,0.0336124588930344,-0.035354527905651,"Rectum","Digestion system",2,"#87CEEB"
"694","Rectum_18",-0.0802678305573218,2.657766175205e-07,4.03353462241523e-07,9.83171602893649e-07,-0.0634368101011011,-0.0130995594980666,0.0580257401870063,"Rectum","Digestion system",2,"#87CEEB"
"695","Rectum_19",-0.133942033327921,1.88489116602364e-07,4.35306212880833e-07,3.70945968536333e-07,-0.183777800381867,-0.0149087158103791,0.024340124560667,"Rectum","Digestion system",2,"#87CEEB"
"696","Rectum_2",-0.0868905878234635,3.16675476623631e-07,3.95517956900121e-07,3.79762124529523e-07,-0.0970872716768542,-0.000954796336578076,-0.00919291056421841,"Rectum","Digestion system",2,"#87CEEB"
"697","Rectum_20",0.185532091880872,6.60663089305132e-07,4.01913072379148e-07,3.31525557633655e-07,0.168589483444802,0.0135983996797517,0.00687086793710167,"Rectum","Digestion system",2,"#87CEEB"
"698","Rectum_21",0.455007279218417,2.01611541112359e-06,5.12678045634892e-07,4.54586762048957e-07,0.476657389119586,0.00278201664097901,0.0261484808796229,"Rectum","Digestion system",2,"#87CEEB"
"699","Rectum_22",0.0575498107872114,3.4737755190663e-07,3.45768306158855e-07,2.42675272934643e-07,-0.0106051770556172,-0.040266140245673,-0.0668364715000293,"Rectum","Digestion system",2,"#87CEEB"
"700","Rectum_23",0.19736290906246,1.5083602989549e-06,3.47895884395872e-07,3.64892517072279e-07,0.418308366136106,-0.0418929131801837,0.0341434709893129,"Rectum","Digestion system",2,"#87CEEB"
"701","Rectum_24",-0.00802056561760452,7.41940254798817e-07,6.31874123037901e-07,5.53936836785621e-07,0.146595601617401,0.026638492270682,0.0363104331973242,"Rectum","Digestion system",2,"#87CEEB"
"702","Rectum_25",0.292401272537024,2.20264048670882e-06,7.34467931572959e-07,3.47437535321701e-07,0.426316696020827,0.0734782734339371,-0.0140651340010916,"Rectum","Digestion system",2,"#87CEEB"
"703","Rectum_3",-0.0872253575378466,3.07858169308476e-07,4.43908235459634e-07,3.86566419453797e-07,-0.033279112887631,0.0124254031668009,-0.00568927156164944,"Rectum","Digestion system",2,"#87CEEB"
"704","Rectum_4",-0.110507803980509,1.86430933213347e-07,6.01440021993157e-07,2.42267348041332e-07,-0.189937006590291,0.0473264930081672,-0.0200840604687598,"Rectum","Digestion system",2,"#87CEEB"
"705","Rectum_5",0.138370753308869,8.48535470672188e-07,4.31710755751993e-07,3.34505142013243e-07,0.279795172380015,-0.0331145280080309,0.0191000132610774,"Rectum","Digestion system",2,"#87CEEB"
"706","Rectum_6",0.251464411986456,2.14544533603481e-06,6.36992296180239e-07,3.93643994832626e-07,0.361562066984678,0.0218855522061682,0.00945253586785264,"Rectum","Digestion system",2,"#87CEEB"
"707","Rectum_7",0.26254499620151,1.16588044721338e-06,1.00979479515955e-06,2.30680955374609e-06,0.255855661849307,0.115510227500436,0.290597433369456,"Rectum","Digestion system",2,"#87CEEB"
"708","Rectum_8",0.17014068206439,6.01218324557493e-07,4.40793149180525e-07,2.81594203560491e-07,0.0479369520446016,0.00727945107806625,-0.0430698414259714,"Rectum","Digestion system",2,"#87CEEB"
"709","Rectum_9",0.174151772407875,2.10760514120898e-06,8.59419247037042e-07,4.61040292161199e-07,0.487700890050247,0.0710726917863781,0.0361128127622477,"Rectum","Digestion system",2,"#87CEEB"
"710","Reticulum_0",-0.0304837979554257,3.2416206411652e-07,4.04311982211723e-07,3.86727868995885e-07,-0.035166186139876,-0.0273095688791503,-0.00825140457947838,"Reticulum","Digestion system",2,"#87CEEB"
"711","Reticulum_1",-0.083847590620417,3.14350886805555e-07,5.57661190690873e-07,2.34961427334413e-07,-0.00649793625870912,-0.0074514799078227,-0.0184161245702164,"Reticulum","Digestion system",2,"#87CEEB"
"712","Reticulum_10",0.0956354386311925,5.83193125410806e-07,1.24733897343676e-06,3.03887495947589e-07,0.118161534311654,0.129908984510671,-0.0248915762300338,"Reticulum","Digestion system",2,"#87CEEB"
"713","Reticulum_11",0.105789959596428,4.88908334169405e-07,7.32503515980939e-07,2.86906822234649e-07,0.0837835503540509,0.0419159741274867,-0.0307589540418974,"Reticulum","Digestion system",2,"#87CEEB"
"714","Reticulum_12",-0.0467474423263774,2.55909556587711e-07,4.14136664973269e-07,3.54438792439536e-07,-0.0713471947779736,-0.034453705166087,-0.0201061184294414,"Reticulum","Digestion system",2,"#87CEEB"
"715","Reticulum_13",-0.0176629362478182,6.66485084394071e-07,5.18197614735744e-07,9.8004476135363e-07,0.066085459170254,-0.0143196284425381,0.0720271494872562,"Reticulum","Digestion system",2,"#87CEEB"
"716","Reticulum_14",0.056820633724771,2.29877917190989e-07,4.58746121343478e-07,3.02209780307318e-07,-0.0565596375316399,0.0388587048641506,0.00220032520274038,"Reticulum","Digestion system",2,"#87CEEB"
"717","Reticulum_15",0.0994721417537475,6.0693237625678e-07,3.05695957926528e-07,3.3854352002794e-07,0.0900631315836906,-0.0877918603859924,-0.0539497138558538,"Reticulum","Digestion system",2,"#87CEEB"
"718","Reticulum_16",0.23884347796006,1.73874353354363e-06,9.21525072428433e-07,6.13247372517413e-07,0.377365122502984,0.142539398363762,0.0317657971331909,"Reticulum","Digestion system",2,"#87CEEB"
"719","Reticulum_17",0.0809484211658711,6.60380515974151e-07,5.29544571986237e-07,2.58629326074967e-07,0.137040264666104,0.106812286622451,-0.0614528295588675,"Reticulum","Digestion system",2,"#87CEEB"
"720","Reticulum_18",-0.0960381244777814,2.97465814902258e-07,5.4233713360572e-07,5.42740298602838e-07,-0.012927455520464,-0.00739949436002085,0.0100497724482,"Reticulum","Digestion system",2,"#87CEEB"
"721","Reticulum_19",0.0439943801622063,4.8383641353731e-07,3.78991871950054e-07,3.34062053107198e-07,0.0849973634872119,-0.0196866218315283,-0.0230477875675514,"Reticulum","Digestion system",2,"#87CEEB"
"722","Reticulum_2",0.259685888657579,1.74891793839925e-06,7.16178557436574e-07,5.01715080674479e-07,0.390643936853098,0.0929858727752476,0.00598393987092565,"Reticulum","Digestion system",2,"#87CEEB"
"723","Reticulum_3",-0.041479879860699,3.08771352166378e-07,3.83783869034144e-07,3.64017250812064e-07,-0.0234413413523539,-0.0343108055997706,-0.0195927734638402,"Reticulum","Digestion system",2,"#87CEEB"
"724","Reticulum_4",-0.0545335723401897,3.7747883422572e-07,4.05019451310077e-07,2.40313229196346e-07,0.0253017120760196,-0.0489633441178104,-0.0307399231933152,"Reticulum","Digestion system",2,"#87CEEB"
"725","Reticulum_5",0.555316617678713,5.37943640275333e-06,7.30934629556011e-07,6.23040264017731e-07,0.614834620664893,0.166193736916662,0.0201929954022834,"Reticulum","Digestion system",2,"#87CEEB"
"726","Reticulum_6",0.0771689701053535,7.90618502047042e-07,1.12666526152084e-06,3.61770137271265e-07,0.163504286676934,0.13891639442399,0.0054258812290288,"Reticulum","Digestion system",2,"#87CEEB"
"727","Reticulum_7",-0.0561921229042446,3.55540038549244e-07,5.78117207412446e-07,2.49183911215502e-07,0.0363548069837005,0.00439630599204325,-0.0237597139147385,"Reticulum","Digestion system",2,"#87CEEB"
"728","Reticulum_8",0.513477435241392,3.71356454807871e-06,7.32445266583378e-07,5.01722765849016e-07,0.565475619858259,0.175002467092061,0.00117158080312864,"Reticulum","Digestion system",2,"#87CEEB"
"729","Reticulum_9",-0.0266925832017645,4.14656693670509e-07,4.86608129575413e-07,2.91808621302188e-07,0.0866567510352279,-0.0136217057520462,-0.00111759176500383,"Reticulum","Digestion system",2,"#87CEEB"
"741","Rumen_0",0.190230330339223,1.15907234968861e-06,4.83650992583011e-07,3.76230932594791e-07,0.296787305714971,0.0164898751594025,-0.0166738502172595,"Rumen","Digestion system",2,"#87CEEB"
"742","Rumen_1",-0.0442533463305576,2.87188407573967e-07,3.62148946639837e-07,3.65914554337667e-07,-0.0554125799654205,-0.0581690109487463,-0.0117299731672995,"Rumen","Digestion system",2,"#87CEEB"
"743","Rumen_10",0.321119089836618,5.08874033249237e-06,7.7085643743643e-07,4.81495824011672e-07,0.516912088240852,0.104470346603223,0.0643456045520196,"Rumen","Digestion system",2,"#87CEEB"
"744","Rumen_11",-0.122336965676351,1.6776907683075e-07,3.10416458274574e-07,2.02784206350058e-07,-0.172114173910788,-0.100162272241269,-0.0884464912189507,"Rumen","Digestion system",2,"#87CEEB"
"745","Rumen_12",0.0473129191599459,3.6400934693912e-07,5.75721107139159e-07,2.37782052077298e-07,0.0358895693824522,0.0252930529637477,-0.0607338030390044,"Rumen","Digestion system",2,"#87CEEB"
"746","Rumen_13",0.274565661483228,2.63011498548044e-06,4.90518492453811e-07,4.81133704265934e-07,0.154874129435968,0.027397283564484,0.00474542265249095,"Rumen","Digestion system",2,"#87CEEB"
"747","Rumen_14",-0.0587565319402234,3.3772926471592e-07,4.02066018129582e-07,2.4082149968041e-07,0.0213050467065739,-0.041928235190855,-0.0326771962121676,"Rumen","Digestion system",2,"#87CEEB"
"748","Rumen_15",0.170511424581916,1.6404027704892e-06,8.88581861350054e-07,5.32474583030459e-07,0.251486448704128,0.12730878575165,0.00448040946877403,"Rumen","Digestion system",2,"#87CEEB"
"749","Rumen_16",0.0740828312610493,8.39832601148545e-07,6.01177299343559e-07,1.57839324142772e-06,0.146006546320827,0.0150530170470556,0.145397040429426,"Rumen","Digestion system",2,"#87CEEB"
"750","Rumen_17",-0.00353353810216101,3.44690976010067e-07,5.20740833318492e-07,1.86901948227479e-07,0.00084954927937762,0.0167541021373707,-0.0868299692044061,"Rumen","Digestion system",2,"#87CEEB"
"751","Rumen_18",0.25223822975902,1.74754136763197e-06,4.95983401006862e-07,5.98464982238517e-07,0.316561290101109,0.0331592376302919,0.0119571436496403,"Rumen","Digestion system",2,"#87CEEB"
"752","Rumen_2",-0.103029242669149,2.41640027944427e-07,4.69344960489461e-07,2.123945921186e-07,-0.0548958540931151,-0.0295665408913983,-0.0453970537019729,"Rumen","Digestion system",2,"#87CEEB"
"753","Rumen_3",-0.00438250522307644,3.55405971382187e-07,1.11547083287693e-06,3.57846937319301e-07,0.0292299996216118,0.127496366883783,0.0110652052816111,"Rumen","Digestion system",2,"#87CEEB"
"754","Rumen_4",-0.00240756775200441,4.53595135535389e-07,3.70822545771729e-07,2.45328550173813e-07,0.112923158226657,-0.0511781104172408,-0.0229694811601421,"Rumen","Digestion system",2,"#87CEEB"
"755","Rumen_5",0.0640982806716834,5.54276281515012e-07,1.34074304029928e-06,4.29432224410069e-07,0.155866212903186,0.181715110302007,0.0329613889699567,"Rumen","Digestion system",2,"#87CEEB"
"756","Rumen_6",0.365891186777281,3.7269954899608e-06,7.408133788754e-07,4.32179080235843e-07,0.506737204629393,0.155303358792568,0.00266155430778278,"Rumen","Digestion system",2,"#87CEEB"
"757","Rumen_7",0.432511318245916,4.42267865292415e-06,5.95390496045295e-07,5.79201587878723e-07,0.54874223533309,0.101394407910732,0.0117160035541095,"Rumen","Digestion system",2,"#87CEEB"
"758","Rumen_8",-0.0458811486337229,3.05742048562125e-07,3.28704255800876e-07,3.73138706871869e-07,-0.0219826916956585,-0.0729374805778225,-0.0170957625410343,"Rumen","Digestion system",2,"#87CEEB"
"759","Rumen_9",-0.0450238880380518,3.43782146229887e-07,5.56528350241081e-07,2.30202079493413e-07,0.0362287737364796,0.00512828937540366,-0.0335598801898437,"Rumen","Digestion system",2,"#87CEEB"
