"","negative_regulation_of_hydrogen_peroxide_intrinsic_apoptotic_signaling","negative_regulation_of_hydrogen_peroxide_programmed_cell_death","negative_regulation_of_intrinsic_apoptotic_signaling_pathway_response_hydrogen_peroxide","oxidative_stressinduced_premature_senescence","positive_regulation_hydrogen_peroxide_programmed_cell_death","regulation_of_cellular_response_oxidative_stress","regulation_of_removal_superoxide_radicals","cellular_response_to_hydroperoxide","cellular_response_to_lipid_hydroperoxide","cellular_response_to_oxidative_stress","cellular_response_to_reactive_oxygen_species","cellular_response_to_superoxide","cellular_response_to_hydrogen_peroxide"
"Abomasum_0",0.147150213423234,-0.143561521225725,-0.0911104866218959,-0.197345258349854,0.0867450001339274,0.0883669776479585,-0.0328037087739559,-0.0351611734223723,0.816028792544376,0.0653408256106168,0.0569233755786343,0.207145667359666,0.0117354917960548
"Abomasum_1",-0.074510330787982,0.00587453325239614,0.198563728812568,-0.222858297876669,0.493052749962084,0.204357198708441,-0.0644072467923547,0.00383151146704782,0.602665010814496,0.0637160517120911,0.0954110255330377,0.229413833689507,0.0147196403395496
"Abomasum_10",0.0572238414242265,-0.150130133861245,0.407847176349133,-0.0892020206017663,-0.140278013481487,-0.136056969105554,-0.0889538684532773,0.00238466347298562,-0.306181542478188,-0.0218292657642355,-0.0468142363237956,0.581560509282643,0.00409575306728108
"Abomasum_11",0.208654164679879,0.0365287289738726,-0.0189088510514025,0.614326381023105,-0.112757495967838,-0.0396188599185795,0.29882793181622,-0.105672426893829,-0.117067779960041,0.0251649701973419,0.06065344407698,0.0363736472612603,0.00811408324457969
"Abomasum_12",0.323645470625857,0.0050228890691792,0.142885610578315,-0.0823175611824209,-0.0173067761406593,0.0284500398419477,0.225068232792622,-0.0141515307778842,-0.255671991363306,0.0812167362329706,0.00365141901145071,0.047898744492575,-0.0151242084376504
"Abomasum_13",0.157288288771711,-0.126832487376406,-0.210897515194095,-0.12656473241067,-0.0527853296144475,-0.057929180468451,-0.12842877088129,-0.163443626556701,-0.317342520394058,-0.000960744522507453,-0.0234575820825081,0.151690388164445,-0.0139529393831172
"Abomasum_14",0.436281276123693,-0.192736887663349,0.305890661961113,-0.169017117263675,0.1996571471185,-0.0557491821424118,-0.11460468598062,-0.0199582403706549,-0.393594420464846,-0.0118652689857938,0.0332142675437402,0.323984313729863,-0.104535686302546
"Abomasum_15",-0.129153940963178,-0.0797983186940838,0.443509215764489,-0.0285975685731598,-0.0163386751732043,0.193301534534061,0.0103610322767325,0.0325252088272253,-0.262238533307687,-0.0903156945527807,-0.0416920320839151,-0.142162067152062,-0.00410601910891826
"Abomasum_16",0.244777042439814,0.215424887128513,-0.0596644852195985,0.0257607115477468,-0.140387321088728,-0.0889739474837695,-0.146751989936941,-0.149630197159358,0.210316867868892,-0.0117694532669688,-0.00961666243530238,0.0864018930937281,0.0848977240078738
"Abomasum_17",-0.0473356352446287,0.0738675876145382,0.0374927040892457,-0.00572842843711623,-0.121381465833809,-0.0207437928296824,-0.0202551641746424,-0.0313630822296853,0.010512576251259,-0.00682874889226785,-0.0272283533104222,-0.115751971109653,0.0269241102885774
"Abomasum_18",0.375594294237861,0.254861066453224,0.0226614481850744,1.10415205276503,-0.119337956428339,0.0105201006796357,0.345587585689037,-0.148452381989886,0.0115376678758102,0.12871704263838,0.142114875237602,0.0641405898540987,0.104908874162365
"Abomasum_19",-0.0284385200302455,-0.0185106460866972,-0.162217100977445,0.0778652696100857,-0.175673990969768,-0.129637733916642,-0.0757516128970554,-0.0734596065384211,-0.165942503627667,-0.104951319633719,-0.0882247993601174,-0.158813167723789,-0.084792256101404
"Abomasum_2",0.0894736382957732,-0.0303233438106676,-0.161246922986191,0.0208214629812782,-0.156127884203833,-0.131516228157691,-0.17491207328075,-0.130359263616954,-0.124280879583087,-0.11003336906281,-0.111614979534082,-0.0862570159516082,-0.0859702586174413
"Abomasum_20",0.00397488445940548,-0.0585491399866244,0.109512700206571,-0.197496334861462,0.316881797807926,0.739241315319858,-0.170798098735854,0.0139504273357264,0.393876984624635,-0.0282770417191995,0.0122647206090335,0.15139033073064,-0.0617550188856283
"Abomasum_21",0.45909242046972,0.000458582282353417,-0.177144591833756,0.00757448408887122,-0.0153964165550795,-0.0659698125619974,0.0599182104654897,-0.186930997788236,-0.362379849275386,0.0356045220308152,0.0221000445459623,0.191315046535924,0.00787022527133189
"Abomasum_3",-0.0687483096601419,0.152408532067003,0.223732795020676,0.00357422608256289,-0.0101844638631066,-0.0256595473038294,-0.176046285370218,-0.087213065342437,-0.019584255254868,-0.0909320649507572,-0.06108755780877,-0.102403930714197,-0.0676164079431333
"Abomasum_4",0.141308020135878,-0.145499118772592,-0.00805182384296494,-0.23802975798886,0.249582975511504,0.0721542621025167,0.0497378039273066,0.0233593446094665,1.03113158628637,0.0768499583223983,0.0655160136078017,0.440947576414238,0.0468403084000503
"Abomasum_5",-0.0147634745430761,-0.030476439956806,-0.0995967557660516,0.0457082894252242,-0.190741040938229,-0.124296245711254,-0.1498713011075,-0.100044761952274,0.181809916542592,-0.0992079158530681,-0.112727586651381,-0.151007549759709,-0.096428961993827
"Abomasum_6",-0.130151849458287,0.0844195880316543,0.048049981376332,0.0312079113835428,0.00159342480867136,-0.0318830917567498,-0.18430170380043,-0.0476310094009309,-0.141335997690689,-0.115121832685028,-0.0919314348528726,-0.155031979058605,-0.0993843364752486
"Abomasum_7",0.0369274863299682,-0.0936959877625929,-0.153454366784098,-0.109568845531623,-0.208228315056146,-0.116065069317139,0.266505465174958,0.089830865545732,-0.311793287403963,-0.0348694862349193,-0.0221037415091952,0.0420598574795051,-0.0218374353562301
"Abomasum_8",0.0414159696885529,-0.122493649694823,0.443336743888985,-0.0578711345113307,-0.11273379070265,-0.146598550225238,-0.162315511669722,-0.120441251912871,-0.186477064769262,-0.0690704412464014,-0.0598233596647147,0.127877248377824,-0.0190958473499601
"Abomasum_9",-0.0485376895523956,-0.0897501080806754,0.00194720075511447,-0.00792055340917608,-0.231034688328665,-0.113737221575337,-0.166899193522173,-0.0749877243695347,-0.256257245551705,-0.054892126440182,-0.0698760830367291,-0.0203564370482483,-0.123540221296125
"Cecum_0",0.0110955373762193,-0.241060828666955,0.328617868113523,-0.161196741182469,0.0509498960558847,-0.0579625613840556,-0.178762721710292,-0.178084342953778,-0.199235045267169,-0.00896232550917969,0.0137092968556695,0.22177956961705,0.019000002458132
"Cecum_1",-0.0227447049468694,-0.200720329964957,0.465639301207923,-0.14222912682976,0.0740864807768416,-0.0884979128295766,-0.170036656879055,-0.148676010557532,-0.0760155320131903,-0.0154848342081167,-0.00359078550012435,0.153863976146386,0.0339926357193679
"Cecum_10",-0.201107183719324,0.395906778034126,-0.0243995726505368,-0.0820908742044341,-0.155339737764883,0.235672475923196,0.0263952088870734,0.321875450805209,0.105515144393966,0.0392735079836779,0.125151652954633,-0.229833866930101,0.127246273555333
"Cecum_11",-0.133803395554121,-0.0987840539994582,0.502049588954319,-0.0650862373370818,0.0406098636956538,0.286303930829935,0.138187470428209,0.474657218072305,-0.511646162944701,-0.0453875511199342,0.09580579419967,-0.151378727128882,0.00048789162368861
"Cecum_12",-0.0166521295732451,-0.140556860283425,0.0228223028413844,-0.157115861782677,-0.185338442947559,-0.114598600438281,0.367165284816229,0.0779182606147274,-0.320651633996881,0.011695021240217,0.0166805836974596,0.0366357735048843,0.0337693087319897
"Cecum_13",0.3295283633348,-0.200010181217908,0.215790695377285,-0.132085712841656,-0.220695861923895,-0.151320970084456,-0.0747703878282866,-0.0478192124472721,0.224251095930706,0.0452148814973326,0.00253538376537636,0.661301294285764,0.101906954671267
"Cecum_14",0.418070041410894,-0.13185113375159,0.0673747672175942,-0.130039956193184,-0.214513605078815,-0.0963949738275123,0.110099929728083,-0.134811646781948,0.178295153581945,0.141419091909229,0.0606338840636659,0.175305876873964,0.0982645451953999
"Cecum_15",0.281814190320231,-0.124769210338525,-0.0647277183906388,0.338013857935612,-0.175944552139963,-0.0355592171752732,-0.0564428846596349,-0.110535260968649,0.191303227788213,0.168960340237568,0.116815623291901,0.171407467391952,0.0963721302925726
"Cecum_16",0.304189567404476,0.248136096366147,0.136737476594553,0.832101976156997,-0.0479029906104229,0.00213080923612958,0.107857451426398,-0.179594326141058,0.0433762153505661,0.171827862543469,0.208708339442194,0.0707224444762337,0.0595311662852973
"Cecum_17",0.399475200265556,-0.229263622650413,-0.0598012549700753,-0.192198916292717,-0.144119718963824,-0.0494502526443214,-0.077470352790407,-0.220382034117534,-0.273546349138217,0.0753884310133785,0.0357787942917779,0.266265691238407,0.0629353687992246
"Cecum_18",-0.0239442511966529,-0.107676265751219,0.248186057705756,-0.0160288333743715,-0.0325454668751766,-0.0153585561079382,-0.130993021074224,-0.0398150492621371,0.029034508333198,-0.0406968792966563,-0.0160472887361397,0.0205407070271477,0.0139299023612059
"Cecum_19",0.176076782850498,-0.185999611216315,0.404430879392189,-0.135015153404236,-0.0928639761865439,-0.0763862583073891,-0.051670247830009,-0.127802298068337,0.0228838573624138,0.0382443865200918,0.0268372763753083,0.301472767499953,0.0626141583907985
"Cecum_2",0.00842522939120155,-0.235090355300027,0.304984817039321,-0.147421759865211,-0.0126453363451551,-0.0629001669761716,-0.158622826482103,-0.17135870419822,-0.131131689551961,-0.0193180395955105,0.0182295791572393,0.162434849307383,0.0268173870112386
"Cecum_20",0.44258417480882,-0.207232186518291,0.388182481568658,-0.13149750675788,-0.348499145146258,-0.180307964139854,-0.128217236880706,-0.0872757173839902,-0.430946180886902,0.114188520556502,0.0938016376166454,0.420333924010849,-0.0253675115890314
"Cecum_21",0.334383551188811,-0.158560958756506,0.263763452950811,-0.0770393829983141,-0.335703644512021,-0.128508855988684,-0.217248251106027,-0.0341360505106792,-0.211633870821664,0.0661867663809821,0.0911734216357638,0.200078619461557,-0.0665510700763114
"Cecum_3",-0.146740792987762,-0.177950402106205,0.513112804539372,-0.12033901244189,0.0809338939727684,-0.0289134069998582,-0.135726951805674,-0.136030196317908,-0.2192130857535,-0.0645632217239228,-0.0181071297656233,0.0159908922310185,0.00239216464905019
"Cecum_4",0.00320903147751405,-0.211560207321719,0.317222751903882,-0.130663480642674,-0.063741278644809,-0.083334177638953,-0.1742843373725,0.152464246965063,-0.360438522036025,0.0207191292424529,-0.0101912101193644,0.530115131109239,0.0197309578253299
"Cecum_5",0.327844527629283,-0.14257915756516,0.296379333017031,-0.187462514709656,0.0412817925247992,-0.0576220717262308,-0.206056529652683,-0.178930672502661,-0.224982578572993,0.0353731297248959,0.0494761638457391,0.424730265470994,-0.014413885180374
"Cecum_6",-0.0652503127445444,-0.12472677484702,0.288996790513414,-0.0751116895560762,-0.116993033581555,-0.0402189777332401,-0.15295763065056,-0.0201409389644651,-0.348450099745396,-0.00442867285470835,-0.0211693154762666,0.0598656621418885,-0.0944216841550593
"Cecum_7",0.25024236568626,-0.144205726055101,0.381639432373685,-0.204512143447032,0.223476310756638,0.116580420196327,-0.0760841361872515,-0.047156953397384,1.37721406086307,0.078068187842182,0.0479803631612346,0.107197917420125,0.0795856178202046
"Cecum_8",0.117061808247336,-0.0884491008473214,0.336648395801636,-0.101155863388778,-0.252610885482289,-0.0333935619691017,-0.0226221192559561,-0.055046990895945,-0.269731888521035,0.117630354263315,0.056020395393629,0.0594281599160645,0.119127513963082
"Cecum_9",0.055819894132318,-0.0596611636300681,0.201439602647915,-0.0982782335595005,-0.216849879589511,0.0571092989362608,0.125474522490261,0.0451158623215588,0.570555419090893,0.118302461259298,0.0179471179239811,0.102359213738319,0.146678834307197
"Colon_0",-0.0252909052153555,-0.242117193981418,0.357533077320053,-0.15819655352256,0.0179367049099311,-0.0518957884193223,-0.150520203736663,-0.17093215471302,-0.20691478763416,-0.0199804344200966,0.0203153854212235,0.115674640356115,0.0271503980933325
"Colon_1",-0.00657872651885698,-0.247451233610447,0.402827441339945,-0.175842282441431,0.0823525162303751,-0.0483469704455941,-0.149421733090667,-0.187359195365246,-0.261976113140844,-0.00723343628631789,0.0212258331521262,0.187276547570142,0.024335120295
"Colon_10",0.0480270983359484,-0.102442436180903,0.135375309067662,-0.0739459940760983,-0.00794263305354945,-0.0311165297708632,-0.0601111127595096,0.0869809829072824,0.18376688853043,-0.0428342877852994,-0.0488430650272282,-0.102766621568398,0.00948004428914669
"Colon_11",0.103217787058645,0.155329594089775,-0.118817821550004,0.474675513100686,-0.00762850944967787,0.00459684420643331,-0.00949107229573527,-0.0341622231898506,0.240631955778682,0.0663537028190586,0.106849226386993,0.0241112946597435,0.0614693959958881
"Colon_12",0.142974103882687,0.0894093537343161,-0.0749682641358093,-0.0533067316438337,-0.252429687506952,-0.085181285029325,-0.0556397268367582,-0.0403110481614206,-0.00098660508827472,0.0363345334653346,0.0016327020105587,0.0230485999854283,0.0362174184676299
"Colon_13",-0.149107596299897,-0.157920556043225,0.60561904205102,-0.172168990885375,0.175026559260868,-0.0191837415918576,-0.103140802847185,-0.105295139768715,-0.362752602165568,-0.038451388810687,-0.0120200615666277,0.0463943818619654,-0.0460620066123998
"Colon_14",-0.158186831094496,-0.108760803836542,0.0377144037349875,-0.0976031054119453,0.0549596787285976,0.527317795713883,-0.0873861780285048,0.0846989391808617,-0.375159433167819,-0.136681776697892,-0.050393486113276,-0.179272810789983,-0.0710074469493602
"Colon_15",0.108150990350841,-0.134116876660757,-0.158243720499619,-0.132400891263702,-0.191301335761621,-0.112430976909471,0.246069953177644,0.0209777833828119,-0.156025359058684,-0.00333331557408124,0.00194130584556215,0.0167944039017718,0.0117856610539695
"Colon_16",0.0768447710829495,-0.121871077215492,0.206058294537568,-0.0634938976246226,-0.0773714719023767,0.21772381353158,0.0300026758518697,0.192101954977609,-0.208235264534805,-0.0429224320398726,0.118063468204879,-0.165035382528274,0.020899935543783
"Colon_17",0.319762949362786,-0.211748644972681,-0.0296349963511003,-0.12350205309556,-0.209538185313272,-0.158533313980225,0.0318504046994032,-0.138930696896261,0.43177725701417,0.0443117975088824,-0.0242684634837446,0.485801935846245,0.0573737751043476
"Colon_18",-0.149165270014033,0.434246040054956,-0.1583435170241,-0.0388450412238663,-0.187273078787463,-0.0164537818525259,-0.108945697253075,0.0559274253590583,-0.162781362726558,-0.0379985065282937,-0.0375408587596519,-0.222370275233278,0.0933830931542541
"Colon_2",-0.0536161569025729,-0.188668398860101,0.473208237036322,-0.146800019517899,0.12613996240042,-0.0886127314798803,-0.179794850829479,-0.137121814540685,-0.14962574316048,-0.0266303188805758,-0.0137355717822704,0.108038775755181,0.0245367060825396
"Colon_3",-0.185050564050356,-0.168824367180605,0.570304328160138,-0.124090783576423,0.0852312648222712,-0.0369597856909518,-0.0994123944852629,-0.136270714569724,-0.330986777498688,-0.08397195619943,-0.0295547664463187,-0.0481676453080966,-0.0127352684159949
"Colon_4",0.3307162001352,-0.178682454115388,0.401156631183431,-0.207748760200033,0.056641071571482,-0.0537402231212372,-0.175348192966328,-0.179396146627848,-0.250542840148294,0.0500547825078404,0.0710940076837244,0.357857670465907,-0.0082202531461672
"Colon_5",0.0485551218895907,-0.200538768808291,0.257830476120986,-0.121045909014856,-0.104421351166287,-0.0864623481698694,-0.17120720643527,0.10088765160675,-0.265365391032532,0.0153110244415583,0.00592515096824469,0.440077354023087,0.0200372637591635
"Colon_6",-0.0127852011774143,-0.120657091705126,0.149229454621927,-0.0478901369718274,-0.15285297791299,-0.0742327099379281,-0.160530224535529,-0.0365790776868267,-0.319968507323955,-0.0129885480164396,-0.0201753591547257,0.100530815669896,-0.091409937125508
"Colon_7",0.0543708148052887,-0.0955973014000841,-0.0606287558408319,0.0478679196767822,-0.21453349037792,0.0206669668318087,-0.00594589530651049,-0.0311187176807273,0.0643691886218802,0.0322651872558539,-0.06078444269699,-0.0280343790611112,0.0322744731356093
"Colon_8",0.226304088631533,-0.237152610782201,0.125094793698456,-0.148099234883563,-0.178802671191127,-0.138675936637499,0.0667511096350635,0.000905803727321261,-0.110753640186205,0.0481316636634483,-0.0278637110395499,1.16757614318916,0.0678648675224936
"Colon_9",0.277070645736329,-0.134487301841363,0.200452369492806,-0.235851015968122,0.0977884511751247,0.0222693319944034,-0.0443091252844906,-0.0435955802424022,1.27252424161152,0.0735345637125805,0.0304712932284428,0.0510304360740623,0.0956265147805849
"Duodenum_0",-0.0972084411812023,-0.109127552836633,0.312656865522262,-0.0591520305267905,-0.12427197220948,-0.0756488090191685,-0.165684522522488,-0.0503547189233856,-0.292744190588739,-0.0187447833756006,-0.0185165374786645,-0.0163316781359451,-0.101314298695773
"Duodenum_1",0.0832540280194329,-0.159497120566478,0.296366479050283,-0.0731828355722513,-0.131080273842442,-0.140714454900371,-0.204167550473812,-0.122474713009761,-0.0875052683441663,-0.0532922298952149,-0.0303223663793046,0.154255077620026,-0.00124931826385187
"Duodenum_10",0.0613468743309991,0.162706405561538,0.110526186945157,-0.102435069319209,-0.198066138524248,-0.0318189858560019,-0.0318664864197308,0.0375971627246272,-0.0137908163312709,0.0543348994731046,0.0363688039934245,0.165168525333621,0.0667370874090004
"Duodenum_11",-0.0457285326359101,-0.0673063682897906,0.131653062652012,-0.0114011194478538,-0.0999856215811537,-0.0909016796593258,-0.0960923724787478,-0.0635250773541279,0.776501986575586,-0.0893884536082723,-0.0737484850832869,-0.113735085130328,-0.0344146282170961
"Duodenum_12",0.0127728850612543,-0.0187658174867364,0.350505504308669,-0.19822258766887,0.487295617134975,0.210173233874469,-0.148999654529101,0.106653548742304,0.53936817891896,0.0468977505644534,0.0232875319154987,-0.0652939064438949,0.0179045914557465
"Duodenum_13",0.22240649810093,-0.214117624971051,0.420408804468022,-0.267220089275257,0.250296986114353,0.0681816803982047,0.13192087868837,-0.027467715287323,2.13241128166833,0.0558636591171632,0.0671294364811058,0.332553753283362,0.0466024624287683
"Duodenum_14",0.209653598662456,0.190318057889456,0.0398534489284957,0.63500815195466,-0.0038140449730791,-0.0242382795071571,0.0119253210260561,-0.127813815413505,0.760950553849466,0.0824611601941023,0.161919559874899,0.0463409185792575,0.0567015818319039
"Duodenum_15",0.292983700054561,-0.191526895645236,0.232324491197257,-0.180863360658505,0.0325881433722626,-0.0768601356450442,-0.148940155262795,-0.159817390066154,-0.184853165564214,0.0673456012065298,0.0555777978491341,0.422777675515298,0.0371771980602771
"Duodenum_16",0.449992771118584,-0.23619326802753,-0.141042306310483,-0.202103426895802,-0.13264773415959,-0.0433902775303408,-0.107436084957707,-0.204561376946113,0.174280137924413,0.0691639179853344,0.0303038746742695,0.170189197787993,0.12022167428726
"Duodenum_17",0.0812403284961237,-0.0370736276707807,0.194786154283957,-0.183960029447819,0.311424613369426,0.0638356137946665,0.0161403042734435,0.0179264769537835,1.15477523090139,0.00711771600938062,0.0412359123809226,-0.0487372310465959,0.0121842833132229
"Duodenum_18",0.210843760310683,-0.18127585739318,0.239494220727894,-0.139475408490378,-0.210837249887352,-0.132335237442003,0.108450657800036,0.0074487271736468,-0.133645544712546,0.0453855208273849,0.00597447367997615,0.924153172435401,0.0560443704056042
"Duodenum_19",-0.149878188704421,-0.0521058254366618,0.392906299265026,-0.0964126245149391,0.226765076951057,0.0501135288218896,0.158794705181907,0.306901539094375,-0.256721757856794,0.00876218019157361,0.0252807042471666,-0.190281762831914,0.0139056198851263
"Duodenum_2",0.0180798590497231,-0.233477948118753,0.270251467032597,-0.123065944252056,-0.0274699104686571,-0.075158847997366,-0.158670715979738,-0.16056083911915,-0.166937752524921,-0.0059369636199034,-0.00541533423188582,0.180978539058748,0.0452010967242102
"Duodenum_20",0.177820059775516,0.0663202797561573,-0.0515007804883989,0.472748785602045,-0.0528510556937509,-0.0317460937947065,0.00129894905184405,-0.0317149649860215,1.16798369845879,0.0471398027061939,0.146541534251488,0.0505232570616496,0.0732976123233669
"Duodenum_21",0.467458608352988,0.332430202370352,0.0625753353326179,-0.0231664709349598,-0.103214622026575,-0.0578263960931093,-0.129073803310136,-0.149529194064666,0.789013492206236,0.0518542121021753,0.0682327418593779,0.216165916629443,0.194856217324732
"Duodenum_22",-0.178347168666444,-0.135745448650726,0.193780394734442,-0.12194634229757,0.166572823254694,0.475072071953362,-0.149580216108349,0.0218105446128409,-0.252849222125667,-0.106178463528202,-0.025547237561378,-0.0259343009155238,-0.0625221780733569
"Duodenum_3",0.174139744670878,-0.141015758531801,0.453910779999683,-0.257698443195386,0.348465874684893,0.15269022665648,0.117056614639164,-0.0872165525467832,2.26705156478349,0.0660966553329354,0.0934739094377451,0.0980477643160005,0.0608742487510759
"Duodenum_4",0.00646681349437058,-0.179335010627177,0.460578104783554,-0.106248003979206,-0.0544590129863508,-0.117891094244225,-0.155057788811386,-0.145582816368254,-0.0380003765643687,-0.0242803849184601,-0.0166908277786738,0.180245399242712,0.0325284043033729
"Duodenum_5",0.0286309869030972,-0.0153550769913424,-0.0589856283288479,-0.00780789232854649,-0.192052633218973,0.0369659123607706,0.0532660095519753,-0.0206501375801315,0.809814600672876,0.0615547515177987,-0.046290714983597,-0.0625761795006416,0.0834329107345025
"Duodenum_6",0.0493310865294226,-0.170242420496557,0.35080109888832,-0.096811045772847,-0.153346021207563,-0.104825536062227,-0.11690977381169,0.0519520686613092,-0.323513789555419,-0.0100573944380529,-0.0119020704861813,0.545866783745814,0.0138443106460223
"Duodenum_7",0.154760673864373,-0.185353287961327,-0.165228642642642,-0.133773898483539,-0.253153499364391,-0.139139549725686,0.504100156565855,0.203266126717494,0.114631302209441,0.00498428136478467,0.00836390779648141,0.153030772014953,0.0762531155973327
"Duodenum_8",-0.126176335503018,-0.0813809817022373,0.28111210198959,-0.0281564430194016,-0.0364606302537114,0.164375814006992,0.139876479041486,0.266020427861792,-0.291237163261357,-0.0856825600445199,0.0552046298117568,-0.15390768633619,-0.00531605479165091
"Duodenum_9",-0.10443463370873,-0.0903318928427669,0.315876409600599,-0.0348538290020198,-0.0919106752870223,-0.0582928378906011,-0.15548946294185,-0.0592209949209016,-0.236710446559109,-0.0527272252762344,-0.048390616922534,-0.0764554829967249,-0.0907314202327843
"Ileum_0",-0.033491664263774,-0.19648451133501,0.415025258464534,-0.132677257012187,0.0585572001688768,-0.0741918004379969,-0.156262297069634,-0.135120649974427,-0.122507125538032,-0.0107985719760188,-0.0102040354931829,0.160988384341692,0.0330716245734786
"Ileum_1",0.0342421182374205,-0.230096691315186,0.251485858489741,-0.138707555072306,-0.0222896545427315,-0.0592652192790775,-0.162706744025308,-0.14512045773366,-0.217540792286109,-0.00227368172227224,-0.00479866918336994,0.197362486335374,0.0322428169702007
"Ileum_10",-0.112960461605955,-0.0997170745966115,-0.0363452317408298,-0.19480693092513,-0.149792391594515,-0.0345830742437136,0.826450940401697,0.294908193157568,-0.353993910630057,-0.027116664378898,0.0443361239274226,0.000654537516109645,0.0410644563793077
"Ileum_11",0.0979737357667582,-0.174945373283559,0.349462211105902,-0.230687247170734,0.327950834566441,0.0119721854631238,-0.033736740532986,-0.103706536278853,1.6362200073846,0.0415693518721537,0.0681649350163588,0.195914450455418,-0.0308445263791044
"Ileum_12",-0.192983302885656,-0.0433156787947043,-0.167152272714223,-0.214706010865817,-0.0686074232938629,-0.0370858565716509,0.624434142197118,0.44534433816153,-0.364563997896243,-0.0340143600368968,0.028579205377987,-0.0350385569156253,0.0216461890331834
"Ileum_13",0.0509859438321415,0.371941812460168,0.180230863926804,0.971122545963405,0.105847319636993,0.00666109873679755,0.00210534155301324,-0.155638117452965,0.358994520687325,0.0848611486841949,0.258805219787705,0.0405185435144107,0.0185679300733579
"Ileum_14",0.250784862617641,-0.188462480740715,-0.00525806638397382,-0.110872124240206,-0.245638183290728,-0.187981427195283,-0.077232460616952,0.0163096932192211,0.0037209604606019,0.0142370916247332,-0.0489989411576695,1.50871819270714,0.0461773155728903
"Ileum_15",-0.0678005218688311,-0.199565697870782,0.157383630914469,-0.169485487606079,0.420535994230676,0.773357940199933,-0.20497819036449,-0.0782140803737674,-0.409710964556462,-0.10779443177854,0.0351247327092346,-0.145722553407966,-0.0199823985371641
"Ileum_16",-0.0501722870344713,-0.170698299563447,0.375758203709869,-0.0787573407962464,-0.000142221864127103,0.277098341316718,0.0211517790739146,0.186911061296793,-0.275797505552908,0.149505075338653,0.126796813888591,0.01300371239915,0.0890979821167229
"Ileum_17",-0.120398427272147,0.227241586192874,0.271648547673119,-0.176984880132605,-0.00972943876358896,0.144857597015654,0.367130374901926,0.416050831077173,0.0362398176462367,0.0987732367770869,0.0726095708962742,0.00876218925765317,0.177353122886536
"Ileum_18",-0.0502883460558379,-0.0159384112528504,-0.0590205229988136,-0.00832860458622155,-0.193283518978153,-0.0460013607690228,-0.0285895217311182,-0.0447337137381358,0.151891945358002,0.0235777341902565,-0.0849744233515176,-0.152671807892263,-0.0266493897759771
"Ileum_19",0.113812705769181,-0.140710849631115,0.0973328112327817,-0.0366485693286322,-0.239332398803003,-0.171374375801757,-0.199945001344152,-0.0470331175381025,-0.0833903251543165,-0.0131094880314114,0.00317646237720902,0.521520105206109,-0.000208540004086266
"Ileum_2",-0.107699462072834,-0.115560863302052,0.233931173386484,-0.0566667518860653,0.0274528642386617,0.310963574686126,0.278469317224211,0.568413540134506,-0.302506598855195,-0.0512642095033208,0.114434392495738,-0.200040550838874,0.0164241239816108
"Ileum_20",-0.0457430095168464,-0.0714260576069331,0.147200616465378,-0.0280464960422446,-0.0634227607385237,-0.0580545691218949,-0.108475612168444,0.0109456921220181,0.272835825216417,-0.0655903163233572,-0.051759781748212,-0.135465266068153,-0.0755021772285995
"Ileum_21",0.340389750300029,-0.0799620083842434,0.59026103403223,-0.244532488098692,0.216693738310807,0.273604813016907,-0.0939371990083134,0.640219800861405,1.79108335850424,0.100620910174642,0.145906887855009,-0.12485888692019,0.0203131551431558
"Ileum_22",-0.0325756937611241,-0.0281302754224298,-0.0610621114203504,0.00601584405260963,-0.190286194318683,-0.107617842643828,0.0287550051588511,0.00834490196670615,-0.0912487796118364,-0.0554868235290237,-0.0339266099607931,-0.125626970417548,-0.0492053955960095
"Ileum_23",0.00615449061304021,-0.0918215024178231,0.359534954870231,-0.185013071189704,0.362395740955191,0.0982554908925048,-0.022102506072362,0.0730971556636665,1.15321372679683,-0.0450128220187476,0.0623527079193229,-0.0256533331204614,-0.0572220758344065
"Ileum_24",0.155070552479001,0.347829886508944,0.0394399661616941,0.548229449964033,-0.0100405103503867,-0.0192532492223232,-0.0786741419459759,0.0922855195855447,0.948835172434474,0.0655218996387478,0.178847458656388,0.107293388655347,0.028920583610157
"Ileum_25",0.227296020552223,-0.211497148782808,-0.0793263164181673,-0.153735391308417,-0.0216250439279862,-0.0363051362830416,-0.113282301949305,-0.193264773858106,-0.0785197241685858,0.0474212617108602,0.0215388902134848,0.137413068799303,0.020244347852279
"Ileum_26",-0.240775391981177,0.274953291075963,-0.16803375449514,-0.0434793362402269,-0.0848478323532212,0.145816648945444,-0.0586031167310817,0.0820926116251367,-0.166395960171633,0.0204021207506218,-0.0409285758714386,-0.226288107306483,0.0678482442749337
"Ileum_27",0.253811272347798,-0.158394147612484,0.00499948529526566,-0.204555587376045,-0.170317524107204,-0.0330166713502479,-0.162079436486587,-0.119295565679778,1.11261039372298,0.0920840886459857,-0.0154657949661081,0.278245213164287,-0.0279572454980625
"Ileum_28",0.0963920831979816,0.0325594239614053,0.135230388620043,-0.0275173930178079,-0.273638447437401,0.0716614038217628,0.117248980968196,-0.0202779319069616,0.813748797219826,0.103304754180991,0.0163822487486632,0.0801596293259263,0.169997666274219
"Ileum_3",-0.153821793064725,-0.0518060204338994,0.333938585191231,-0.0554354953448327,0.0354382310311624,0.245708210543478,0.240834578256362,0.271030898163179,-0.11754557717843,0.083600552652962,0.0909392614354908,-0.123750839863272,0.141627890164062
"Ileum_4",-0.400768737023816,0.0681454955795581,-0.15163595758102,-0.107634316657349,-0.0836723212111515,0.343954375572809,0.0744423827028593,0.69133296948226,-0.0582970914201028,0.0282372249952083,0.290522579254728,-0.273749649712724,0.0526772057227885
"Ileum_5",0.471343324872587,-0.193018753060749,0.135695136699728,-0.111435158787856,-0.275437700215009,-0.192369625375126,0.296992303385544,-0.035289098853952,0.1401563254322,0.0543040993674714,-0.00695680583438713,1.28454386114857,0.0470179288180747
"Ileum_6",0.0939617897915016,0.537417513810636,-0.0186565725409429,-0.145541406227555,0.0806607895191898,-0.0249160203655106,-0.188877111773528,-0.0801316916982827,0.279623788560781,0.0389084325670244,0.121809463356214,0.107598778504145,0.211112495831656
"Ileum_7",0.0853487799350266,-0.13321571639371,0.158268651409296,-0.0618733061924386,-0.178404532035819,-0.0881091912212273,-0.161016738244448,-0.0364262527936782,-0.283502872576479,0.0100746983323105,-0.0024826911455298,0.284966701180956,-0.0717492133806098
"Ileum_8",0.0539191226185167,-0.170611334230677,0.102258951254564,-0.158437655367052,0.224700732412799,0.0163845909419312,-0.143686158730031,0.0410542466381268,0.656990891320666,0.0266460113668195,-0.00283803662322856,0.049713965398444,-0.00709210157472668
"Ileum_9",0.0551088689477919,-0.222966196867627,0.288327977480981,-0.135740934528966,-0.145792257222893,-0.0558581570057585,-0.126958636614084,0.113799656539887,-0.256189324689596,0.0354741093319037,0.00372014616059179,0.575268562165005,0.042195485701273
"Omasum_0",0.2052117355032,0.102169848497126,0.199195477916259,0.283272391604569,0.0142136796087122,-0.00209643844481783,0.316280971564297,0.00687310238800276,0.090079205690543,0.115126172257068,0.214779302032285,-0.0309926826769728,0.205390180386377
"Omasum_1",-0.123090465863633,0.172242682285286,0.144542397600359,-0.155851201965807,-0.0221330656532062,-0.0122692347637235,0.103014165092031,0.0268451404036762,-0.294367035581183,-0.0203873153085479,0.0167139105987036,-0.0637842746851534,0.00757376776430064
"Omasum_10",0.203876682739404,0.302160055793417,0.246174757910694,-0.105946562475505,-0.0984419745927115,-0.0721770722729897,-0.0196927150803453,-0.129193054321909,-0.0011555190858191,0.0508281884005164,0.00537573259494769,0.00822527482890881,0.12589248722511
"Omasum_11",-0.122498469676095,0.0506138219212278,0.0423761807556614,-0.149654314173735,-0.0296871488231018,0.0422051509117446,0.44014926908554,-0.0299735883097541,-0.310557328005816,-0.00341051226048757,0.0230970037757332,-0.0416352095526843,0.0128996934691773
"Omasum_12",0.0028386056504271,0.0236449690484135,0.241637217478432,-0.0712648028367054,-0.0668008456323192,0.075196656796054,0.26764037314819,0.132372599033066,-0.130073315474173,0.0369368573187961,0.0122278578519594,-0.0627439982159958,0.0670909704222706
"Omasum_13",0.0499654250235372,-0.077814286081244,0.342275883876273,-0.0437207579821651,-0.225504761244492,-0.129498494701549,-0.104263957819401,-0.118353924563515,-0.268885776202684,-0.0474675574617831,-0.00711824174572348,-0.0191189091910738,-0.0677043335946329
"Omasum_14",0.0336153940185817,0.00478302342820307,0.0856202609907971,0.275252384525355,0.3328216263732,0.0421710712307541,0.105328971177582,-0.182388410142799,0.207316010955784,0.041698753512148,0.0855865198993612,0.00123841368598112,0.00282737033165547
"Omasum_15",-0.135202591602061,-0.0708009811373561,-0.0448234462563836,-0.0289501273905055,-0.176770184855479,0.194865524409776,-0.00194136286908886,-0.138518351980368,-0.250218706355405,-0.100905331885459,-0.0134350747853059,-0.142694155377335,-0.0310684831484017
"Omasum_16",0.260793681845673,-0.174077382606572,-0.0480012555164139,-0.118329517863339,-0.205437669616762,-0.212226703677629,-0.203899906647701,-0.0632175141224821,-0.0951601617373615,-0.0105616458309679,-0.0399889930170975,0.177648270427307,0.165719151205319
"Omasum_2",0.0338374907004263,-0.115303168071458,0.119478561537501,-0.0559178209959097,-0.134812633265558,-0.150386010937728,-0.116436530915655,-0.120103519895906,-0.16655444597257,-0.032367493079487,-0.0268620132082832,0.0542376967711483,0.00674652172630583
"Omasum_3",0.228588092884312,-0.111756439879832,-0.116342771721971,0.127096515544145,-0.0335919270169801,-0.119440264674253,0.0115399831801205,-0.214183671789322,0.315335784358936,0.0238581419780653,-0.0159262462875848,0.0516123867465708,0.0155500472326477
"Omasum_4",-0.0217777884983759,-0.131302153050145,-0.110843376882305,-0.115058180996736,-0.0062717035041376,-0.0652901735132325,0.00251813260070001,-0.140668035841141,-0.321638856698295,-0.0372551448413457,-0.0110942419829731,0.0525624010505327,-0.0339545599916367
"Omasum_5",0.3340395433015,-0.161141867040103,-0.0351090347980083,-0.0635718211291039,-0.0805214527911804,-0.150050646939865,0.0712096074547483,-0.159776751968706,1.39137602361777,0.0598610919868113,-0.0241748603015175,0.275050096542525,0.070785325110089
"Omasum_6",0.363194996096602,-0.14239192745263,-0.00355083135051828,-0.054706020279673,-0.193756134807981,-0.103543213578132,-0.0297325066165126,-0.211267254051335,1.51523359178368,0.0455091235661987,-0.00959350447996966,-0.0115405546876883,0.0418529054534396
"Omasum_7",0.201924604950966,-0.0770479540378623,0.0928671146386111,-0.0211302534997864,-0.136825963371081,-0.133633809102056,0.0818813810504476,-0.162589899541088,-0.0999198117314283,0.00523493013735124,0.0750924901999044,0.0897319399587486,0.0183660301205574
"Omasum_8",0.0673887246618134,0.118362483624625,0.127976163483287,0.347045138561636,0.0622843170185235,-0.0431813446615837,0.257168399750546,-0.0183113812762736,0.00133444753959983,0.0539305335997603,0.12528174174473,-0.101360443107807,0.139031107271349
"Omasum_9",0.0725592112327966,-0.129533446710443,0.176256533531492,-0.0628497488868524,-0.151713064821362,-0.170215572478468,-0.120887004960369,-0.143546677929687,-0.223039476245416,-0.0537621212280696,-0.0484762991764069,0.0612733701604135,-0.00923973715718722
"Rectum_0",-0.0597215361753217,-0.245678367955233,0.412192937781269,-0.180826736267129,0.128638243212675,-0.0309483002570709,-0.145015862769928,-0.176838540836788,-0.223787504753162,-0.00803000754360838,0.00306238249018522,0.142632127837647,0.0393784299205079
"Rectum_1",-0.0733752269025033,-0.245703010800446,0.391751418724371,-0.161615707555332,0.0710070098955183,-0.0272382637372698,-0.148801996235925,-0.174871605774483,-0.169223531351493,-0.0219650657499504,0.00737880172540092,0.066982347981499,0.0398327993338137
"Rectum_10",0.388404362135361,-0.189458611540489,0.134736534086793,-0.121887229078745,-0.217051387164656,-0.166939492688184,-0.129684928299792,-0.0887621042572195,0.835398960675284,0.0481251422864028,-0.00099725231472458,0.496320564205115,0.0964874073703667
"Rectum_11",-0.00333558366188655,-0.0684215586732007,0.363447262759166,0.0276489374685257,-0.0583118292242056,-0.0783447487713203,-0.0908039799372588,-0.0758152401616352,-0.148723649834229,-0.0919010176268907,-0.0452753379363804,-0.0486676856692019,-0.0365786902105522
"Rectum_12",-0.206733635257203,0.420297550164105,-0.207938991952442,-0.0126206371995861,-0.239950151498038,-0.107810583127017,-0.0815790827747079,-0.0597179273456692,-0.00443210564377504,0.0228097346096296,-0.0402257263393789,-0.25795919982181,0.11888096732128
"Rectum_13",0.152385281597118,-0.113214835325023,0.279816094854253,-0.0687739240553615,-0.250922231078048,-0.0511553613089459,0.0436929258298414,-0.0737897578594875,-0.265628392661588,0.129876805229781,0.0433763950489083,0.0575078776062146,0.11951870007559
"Rectum_14",-0.0777026748346244,-0.0858850012563923,0.214139495108247,-0.0231635316752818,-0.133821372120375,-0.074430988690038,-0.165834396298219,-0.0405136345564878,-0.326764867152035,-0.04392086582975,-0.0482316697999569,-0.0573191478210044,-0.0966497156628482
"Rectum_15",0.233210900516971,0.195424306283262,0.328538569126231,-0.096432554678374,-0.25993857744655,-0.0458085951032827,0.130280385570428,-0.0444657081404341,-0.2410204851651,0.139671681040953,0.0340383144090039,-0.0169217461567775,0.266175416753468
"Rectum_16",-0.26076409681903,-0.0176452214170746,0.307000521767759,-0.121864204130065,0.299661770997668,0.187867238871428,0.0630025807911635,0.216202224720219,-0.170392610247069,-0.0492639916435906,0.0287461673007499,-0.306726923239552,0.0295502957581575
"Rectum_17",0.535608115152222,-0.198394820269955,0.124847047008822,-0.174328131768727,-0.224237013340825,-0.0806976486898869,0.219262838163909,-0.176253557782697,-0.0869386960170308,0.121820058637811,0.0749528548761474,0.220268654451397,0.0810522651882598
"Rectum_18",-0.0178284857412592,-0.195629445043988,0.335062564587511,-0.127322594591054,-0.0696638882964267,-0.0639253389217698,-0.143191341415111,0.131642916548123,-0.375344158351887,-0.00815426852731664,-0.0163387976137225,0.376445397955088,0.00395316593694631
"Rectum_19",-0.122089375735902,-0.139004938313195,0.277394045772586,-0.107820897214837,0.152182790294324,0.469329594211925,-0.118119431850041,0.0593778699928162,-0.364251367103869,-0.10410744045758,-0.0547819230459819,-0.0754389653308445,-0.0664832667543297
"Rectum_2",-0.0840235663888971,-0.197104409629856,0.585736882377198,-0.155793534314348,0.14172666704329,-0.063010472826788,-0.159369959970621,-0.158584909618674,-0.026870773406563,-0.0251929578640877,-0.0200410187116279,0.111837998449991,0.038277702485469
"Rectum_20",0.370808494031193,-0.175567173597906,-0.0488407577641216,-0.272853126294009,-0.255638477229283,-0.117628060211743,-0.178185080505022,-0.193939437423837,0.884743092862079,0.130815685560453,-0.0360266395002904,0.0464867877866392,0.0226038881226209
"Rectum_21",0.497280894450697,-0.155825999614341,0.016747423462064,-0.160681811450746,-0.10268147087474,-0.0805906771524544,-0.058831834056003,-0.194464583260287,-0.317290677453826,0.141051686182995,0.0163216948846895,0.275912536974241,0.159219034240437
"Rectum_22",-0.0385934144799556,-0.0552892344373497,0.0499728520102517,0.00686250492814591,-0.161538546092556,-0.117919023929203,-0.138161558060691,-0.0619123596514205,0.400822066620747,-0.127732420422667,-0.0981085318596505,-0.120998640444049,-0.0608635173753517
"Rectum_23",0.35070937968284,-0.264841925478767,-0.108602851959246,-0.194071618525475,-0.142924650086726,-0.044520076629399,-0.106731314232433,-0.2587034350349,-0.263120891559118,0.107611978031116,0.0245586842061547,0.289139203075695,0.0668896471678718
"Rectum_24",0.0856725145004392,-0.11615101193139,0.251449736209537,-0.0774239479913134,-0.0354284266182449,0.263022925630411,0.0729595720982668,0.142507250169541,-0.224200151509618,-0.0295726495731736,0.101602379276851,-0.142385421729527,0.0542476309870855
"Rectum_25",0.450535071324095,0.2672793798876,0.241085746403613,-0.100305883403711,-0.153090221620877,-0.0915736223092071,-0.185016455572465,-0.203990314125186,0.175051530472696,0.0933397672245439,0.0587585497026535,0.249767815354342,0.153376191303085
"Rectum_3",0.22739618357651,-0.149586040966351,0.40742563767649,-0.199018970501559,0.110148690160252,-0.0382705018913151,-0.165505989965991,-0.177284569419188,-0.257369398631285,0.0482729905174576,0.0537587585549474,0.295877970343335,0.00568548171510808
"Rectum_4",-0.134830719243582,-0.0926840550781029,0.258760633451639,-0.119229456140158,0.353264508492775,0.174214348512694,0.0636920477941449,0.269991699676938,0.0254513293711154,-0.0472063872314049,0.00399462601769596,-0.11052924229713,-0.0296449242204524
"Rectum_5",0.132010829690698,-0.215367122989226,-0.0899293302619748,-0.156436989099445,-0.22946345496296,-0.17245176663004,0.29705730119187,0.00166901741604617,-0.318532845264628,0.043461942074598,0.0360787726108981,0.152532582233035,0.0888821998867263
"Rectum_6",0.17229124436324,-0.0258492064433443,-0.0629543908087156,0.273871713536985,-0.107280333923011,-0.0650751373273704,-0.0431810853131407,-0.0660377681220827,-0.150840962173039,0.109273226962022,0.0529983511240232,0.0890885868137674,0.108207939990853
"Rectum_7",0.0679085260082927,0.151310423042995,0.23777159062536,-0.0619804548811534,-0.228531215750283,-0.0197885822478568,0.203169074881306,0.0960715761809868,0.82901067752761,0.116167070654923,-0.011581337131008,-0.0730380254308646,0.19514363402536
"Rectum_8",0.0220059448410133,-0.0634641723791462,0.125499551861508,-0.0322764476433825,-0.111272816333404,-0.100384283092628,-0.103906393288027,-0.0398162151541706,0.646253583653908,-0.0613270240632815,-0.077308361145898,-0.0932436908354029,-0.0161268124062286
"Rectum_9",0.416520235623376,0.0223519755005239,0.0140461042205824,0.439957463208766,-0.181962573865956,-0.068473440834799,-0.0243448716582052,-0.222474592914014,-0.0958595694772072,0.162058396995647,0.157772616151012,0.198750063392826,0.105603186880363
"Reticulum_0",-0.0113117390973902,-0.154108882270358,0.489604611793644,-0.0845572341358775,-0.130326085274842,-0.160996486328174,-0.0720148502060345,-0.144286117841413,-0.164189303391596,-0.0191868980514877,-0.000794058114102889,0.0639768837355082,0.0331657637531695
"Reticulum_1",-0.163093067806493,0.258296815936059,-0.0187515085268412,-0.175969425537535,-0.0267734000723889,0.0122572620570767,0.207749121384898,-0.0220611402431394,-0.222402269924146,-0.0175450455228335,0.00363608686154004,-0.0721179646877416,0.139905297279849
"Reticulum_10",0.142637133155615,0.111509223385686,0.109039975971984,0.320465464893048,0.0724836654209981,-0.041144303776651,0.446374117625808,-0.0414711384101443,0.169613229982365,0.106199434314216,0.167129815344105,-0.0815676098083675,0.207547790540057
"Reticulum_11",0.276771001532492,0.171839534530438,-0.00738327075648908,-0.13100813275148,-0.0765882414443408,-0.0636693414159062,0.0228042004113518,-0.107425381959943,0.179830128687322,0.0610826204059392,0.0276943406877022,0.0155970970676137,0.175363108662628
"Reticulum_12",-0.0968500777118881,-0.11154138523485,0.347296479878124,-0.0693864141628497,-0.0822479593219815,-0.138704990074411,0.0531418224847781,-0.125009971093367,-0.164285360018623,-0.030368853167786,0.00765764836062621,-0.056990915956517,0.019391808859614
"Reticulum_13",0.0383721727729037,-0.0687530249387566,0.18200687091715,-0.0711131064614329,-0.210958762342322,-0.0368300200773722,0.0286012720563834,-0.0102808543885599,-0.229104856856964,0.033780477343972,0.0446506082757255,0.0711686377683833,0.042305416177894
"Reticulum_14",0.0701948305422364,-0.124596499520913,0.267358379626365,-0.209473905334892,-0.088031506668544,-0.0731387563595258,-0.135666804554948,-0.136023432629423,1.06140156642428,0.0310618599326251,-0.0400966713849113,-0.091103551059675,-0.0267223457787139
"Reticulum_15",0.0237062716142366,-0.0973061772010418,0.139330872443397,-0.029061938623096,-0.265449101913083,-0.149695871323186,-0.173799196339395,-0.0827157289875493,-0.313979868766968,-0.0323774248138643,-0.0152217429557856,-0.0456096658160007,-0.0991146123355656
"Reticulum_16",0.13082246448139,0.0936417922078297,0.208849143889738,0.168490827686863,0.40667023851159,0.0586828492836839,0.0383753429856682,-0.214666665536991,0.693807830495133,0.0665656995591269,0.126630355926012,0.0520824350268977,0.0230598642119635
"Reticulum_17",0.284924280525283,-0.196314922241129,0.218305761176441,-0.0968182526429669,-0.0495749629544659,-0.200847098871833,-0.05167753378984,-0.158898411130753,1.50646338690957,-0.00731183616609789,-0.0193936826428742,0.228938471424688,-0.069235473504155
"Reticulum_18",-0.0812160350169209,-0.100507135120333,0.0316066734695351,-0.0316981935954833,-0.0696668015031696,0.18277960871162,0.170371415951482,0.050226985262227,-0.235721998447411,-0.0559016085837375,0.060320203212988,-0.0507177708569703,0.0339312298359021
"Reticulum_19",0.0697922358888949,-0.190494101330248,0.0365685469331016,-0.139582302219468,-0.193572039905773,-0.121828921127111,-0.103850709935484,-0.148806157010461,-0.0307325404643851,0.0212426770454273,-0.013712760502405,0.398306271588358,0.160743717229685
"Reticulum_2",0.213753181739548,-0.0317607060978137,0.0371585743001099,0.170215981046895,0.125550484819462,-0.0459434100058893,0.0183359914535174,-0.208684098121319,0.813571389876507,0.0489222645111949,0.041570946884848,0.00706758477402717,0.0190581608971318
"Reticulum_3",0.0697306457523743,-0.184217885605617,0.438357570915687,-0.0994269353862892,-0.162334967558058,-0.155327251320368,-0.0990462001133415,-0.158966438081707,-0.23962936854862,-0.0104991494231036,-0.00976458475126278,0.1212794098101,0.0438046815131882
"Reticulum_4",-0.105364245096906,-0.0750960389948039,0.013632225858588,-0.138369563601432,-0.117366283128889,-0.0527211532035996,0.194008883038869,-0.00935693667060412,-0.264292595125257,-0.0275303770381035,0.0112443263126562,-0.0615211886549169,-0.00379052722713586
"Reticulum_5",0.459953282752982,-0.158497259080366,0.161111592316455,-0.0330256160023172,-0.109041490172644,-0.110970452711879,0.0491120702500289,-0.195425084143309,1.81746777444392,0.105734485851416,-0.00369584850554484,0.133654517163477,0.0441406077543855
"Reticulum_6",0.0562185887693227,0.184222736021769,0.153057565373497,-0.0267337009901277,0.00309383999682848,-0.0320865998738182,0.46223726285768,0.0208670225989804,0.674662632097602,0.071275957302167,0.179041311410684,-0.101273725374944,0.161330237322234
"Reticulum_7",-0.0942803233704332,0.0305523329588212,-0.0582973164319206,-0.16594914006675,-0.0390207083201797,0.0215061117469506,0.573654649716215,-0.0752222646296501,-0.282365825315171,0.00472316714135152,0.0348650093940304,0.0425067220252586,0.0644795630480391
"Reticulum_8",0.592560954905881,-0.194837650596031,0.324829476056465,-0.110439040045497,-0.0702288846711833,-0.136857756396674,-0.0539983817604161,-0.151235040993756,1.68403578035743,0.117831885917868,-0.0133300512528338,0.195190325011611,0.0915104556639293
"Reticulum_9",-0.00654897010687792,-0.0389660078057181,-0.058571065465873,-0.175885348062558,0.147888705819909,0.0236422139778797,0.229166788616334,-0.157967357984496,-0.245878722144723,0.00112751116885244,0.0389225026968649,0.00986904175352165,0.0561185327602848
"Rumen_0",0.238910898915524,-0.0995478672280521,-0.114295148075986,0.153576706482659,-0.0702544959231602,-0.112224635454002,-0.058435722472418,-0.207467310787018,0.419218195988794,0.0137871974421221,-0.0175753038146208,0.0566079615699613,0.01206790042843
"Rumen_1",-0.0482057042030389,-0.135671550815149,0.0450510412000646,-0.0606545578311506,-0.0991451936402862,-0.141593588175296,0.00755708062155817,-0.126681107692147,-0.189387445974253,-0.0290279913951198,-0.00601742567488753,0.0174779052575622,0.0101013959884402
"Rumen_10",0.87613495833359,0.148091610314993,0.0931848717224972,-0.240796646425043,0.210469748299549,0.131110014504425,-0.156603947231997,-0.173021561228707,-0.0640432036061206,0.163255961092677,0.0564459823355645,0.273391156710712,0.0404955610197578
"Rumen_11",-0.225298466530065,0.0915692170813505,-0.242030131699897,0.0832339917787895,-0.0967373190034051,-0.0458011064325553,-0.166656335564074,0.034152884394941,-0.139123868541702,-0.133729172373617,-0.0946984959538225,-0.241377537121162,-0.12561319917128
"Rumen_12",0.259782041021795,0.11977185485375,-0.149196438708588,-0.136550599108083,-0.0895913333642997,-0.0938543892733384,-0.0995592939803577,-0.127104434123336,0.382421476267065,0.0407705114865444,0.0254643099075294,0.0566025943913225,0.139853389158717
"Rumen_13",0.0533597073483015,-0.070794531717897,-0.128426715102457,0.0161093202015,-0.166891533456408,-0.0180974372931568,-0.0772244918809717,-0.128531089100786,1.19775612121235,-0.0222499994704808,-0.0736218258200461,-0.188073156778237,-0.0371496818034173
"Rumen_14",-0.076323217653631,-0.0177033899693288,-0.179330134486181,-0.144121533050943,0.168763747964919,0.0386531182880048,0.0411875964080367,-0.059324268117512,-0.293693863375184,-0.0139212098692613,-0.0128438674460026,0.029420372730265,-0.0258304089042957
"Rumen_15",-0.0121310881132569,0.0580180049814446,-0.0509279006588855,0.345822705667194,0.317971386166048,0.107197711039495,0.0514326357094508,-0.195792725050052,0.994626714504376,0.0330953930909861,0.0907670078291731,-0.0499633249901244,-0.0351023054044027
"Rumen_16",0.110499130581125,-0.0782601777542001,-0.0223058958417042,-0.0883658940819485,-0.157844806345607,0.0518966079813512,0.0795702890213161,0.0525482065339602,-0.0937116236796192,0.0794863695111298,0.0689801764505689,0.0754608958778934,0.117735943357458
"Rumen_17",0.0759058569895475,0.250756240081288,-0.283603918168033,-0.123934856612223,0.125998241578684,0.0372987603982685,0.0972579396260961,-0.0462925108447766,0.0548444466767048,-0.00582347523004608,0.075488025323194,0.0703008960022141,-0.1103923180351
"Rumen_18",0.0678039074422929,-0.141033464255218,-0.0238025136947019,-0.00478303844699505,-0.0711277550354851,-0.107425033883588,0.0279845407049701,-0.207803877640871,0.718171066463113,0.0548166858543089,0.0409327780279988,0.0487679958444295,0.0285687978135406
"Rumen_2",-0.159186416030559,0.107579967199732,-0.168875729073172,-0.139330905008283,0.0326675160027128,0.0206432823325264,0.135368045958121,0.0776105250598729,-0.259824260338632,-0.0330781244965144,0.00550893285053861,-0.0507126169454517,0.0472647509009314
"Rumen_3",-0.00714303698739732,0.260647070302217,-0.167062825602216,0.290707385372046,0.110345624341923,-0.0259321883606426,0.381846855955697,0.117164664861546,0.592692914503337,9.96413475220553e-06,0.127335727842383,-0.0398095382931804,0.0166501514187117
"Rumen_4",-0.0481443372269359,-0.187938614944775,-0.0818612060473576,-0.178376210585481,-0.156415595622382,-0.0589189162922655,0.214995644924396,-0.0481270544272156,-0.218318000417383,0.00107047922811603,0.0546204999022456,0.0507808378596363,-0.00868296177472986
"Rumen_5",0.0725211054830967,0.234989727265957,-0.0969410919297896,0.114566528128438,0.0896570283813098,-0.0357805121740341,0.580635065289358,0.0389032204429457,0.964466524085768,0.067544395586174,0.245988796525004,-0.074030245871219,0.159775892713079
"Rumen_6",0.527300077187881,-0.0815091176754,0.0815615054057306,-0.095834368625121,-0.00581149774805836,-0.0659710623966442,0.0159817111761775,-0.130013202281245,1.21124189711076,0.121989938105452,0.000746025834291268,0.37978523123236,0.0594765269772061
"Rumen_7",0.283314542495775,-0.129330186114642,-0.0190871450628866,0.0663683265547508,-0.126871163326561,-0.108675150643344,-0.0145752627462545,-0.21447322504448,1.47678601438278,0.0742642776321189,-0.0100916038608319,0.0184155050157607,0.0220823735573243
"Rumen_8",-0.00633716006693815,-0.16035814389071,-0.0852122168750891,-0.1021306342444,-0.0846760637343391,-0.150438213615524,-0.00757139678636907,-0.146041419521811,-0.197147581188198,-0.0120696196113895,-0.0360536279523357,0.0182813102144823,0.0215675197609298
"Rumen_9",-0.091913370267682,0.0184673361277943,-0.218392426456514,-0.164854774525277,-0.0282255436077037,0.0568256587243761,0.608617005962473,-0.0461267388697293,-0.278089947490816,0.0080801245564925,0.0545100378162362,0.118680896656178,0.0290895032544201
