"","gen1","gen2","gen3","gen4","gen5","gen6","gen7","gen8","gen9","gen10","gen11","gen12","gen13","gen14","gen15","gen16"
"Abomasum_0",0.288410373293491,0.465927817123799,-0.0755099722675657,-0.286615737704117,0.250556499199501,-0.0616527911686022,-0.110993907041873,-0.0823922075173281,0.52404411243543,0.330636170318683,0.0238445915680551,0.418307160838504,-0.0693611440157801,-0.254292252689362,0.199018454413797,0.125517644625236
"Abomasum_1",-0.0325133653860327,0.0558414324190307,-0.0552439949612762,-0.259257155651592,-0.095303416337462,-0.035143543458991,-0.144380482532721,-0.0848628260650649,0.185347755673431,0.183161898631518,0.00981074826580845,0.269935845144953,0.0100485201505886,-0.312969615325785,0.0286382756626001,0.121855685411225
"Abomasum_10",0.0942889623555744,0.0220680661347209,-0.0198798347874716,-0.15667917247411,-0.0695905709939925,0.0758480792655067,-0.0337477283611864,0.121561460346255,0.0522364725966082,-0.0610237328126173,0.0157247178880295,0.00177487571513734,0.113565869571928,0.915328449485351,0.0662201301067949,-0.00360939558882429
"Abomasum_11",-0.0868413084485049,-0.0119924000517341,0.0382281499269618,-0.129241931988821,0.0084887025718842,-0.0755780466356872,0.0432240995445694,-0.0570521478997694,-0.036989901873995,-0.0602202530370132,-0.017917750133099,0.00745637936605981,-0.0896507573730337,-0.166623991639104,-0.0523019411232614,-0.0302274452887804
"Abomasum_12",0.136512970825552,0.603996928663059,-0.0131003588759744,-0.231495277583187,0.202710636679092,-0.0394958780725874,-0.0954957362761109,-0.104150791152265,1.71120357252229,-0.10183085474148,0.128151739457295,0.555170465666227,-0.0257913121989561,-0.201389439174827,-0.00512944150383688,0.0587651857568428
"Abomasum_13",0.0318932761313499,0.013896511490678,0.028235268958524,-0.189860382183996,0.0384496053266367,-0.0699299862414647,-0.0323619571477642,-0.0420228178596261,-0.0757261257978542,-0.0824476413051721,-0.00476824571079299,0.0812093646794984,-0.126581723677827,-0.344118566519948,0.0251962393789046,0.106937661479033
"Abomasum_14",-0.129399110476456,-0.0162601202577915,-0.0453714879637464,-0.175892069841856,-0.0155455617613809,-0.0695929760882583,-0.218646865813191,-0.159914081171275,-0.0909641736330537,0.00701923338072075,-0.093457261471697,0.138956054088259,0.0784898537802304,-0.27037717962167,-0.120262796999996,-0.0799766218055775
"Abomasum_15",-0.0397841527985458,-0.0879432296244512,0.026283935751827,-0.127255021100981,-0.00101787649757082,-0.0509347725555032,0.00200962736571848,0.00838561955400749,-0.29374381883679,-0.0807430115080996,-0.0795899238202226,-0.127307867991541,0.316808952197042,1.19756751876288,-0.0235968801217603,-0.0576171298225627
"Abomasum_16",-0.0665466818331638,0.0755794158043752,-0.006015469119468,-0.130169841282704,-0.0304666663484431,-0.101300183195149,0.00507708683004759,-0.126921467982731,-0.0250618496719486,-0.157257990911511,-0.0273256560712636,0.0902435642166352,-0.0549360420634246,-0.202396196015182,-0.0774308761689739,-0.0258918583684655
"Abomasum_17",0.404095081843449,0.0773165347007873,0.00732322429263184,-0.0456500304530418,0.25050779240798,0.041790020318481,0.183038152752187,0.203668501004138,0.520995169845189,0.495094268409285,0.0380859900185379,-0.112234166559817,0.163223509918746,0.374584374346732,0.291965313358468,0.128580858224839
"Abomasum_18",-0.0770633084173057,0.00136757148591502,-0.0227004943666496,-0.231367588099223,-0.0521721318086137,0.180072358993208,0.1063286569317,0.064869837775941,-0.00605393320329556,-0.00503907303948789,0.0446851029995293,0.0941773342510886,0.317929820543022,-0.232681765406072,-0.0734277153174171,-0.0562696754677592
"Abomasum_19",-0.101104777401696,-0.00092869137766712,0.0271739831905944,-0.195732971437955,0.0140036458003812,-0.0871325325717676,-0.0786981214836622,-0.14767452530405,-0.153976652975889,-0.147497169292442,-0.0457924642006749,-0.072988608047365,0.078314988855537,-0.177771374999531,-0.0358490178265026,-0.0432419748969074
"Abomasum_2",-0.0831226013712549,0.012861127852859,0.0285419145647038,-0.205804506991714,0.0347061659280443,-0.109911269912339,-0.1185133986247,-0.163458369914176,-0.0690789396617941,-0.133650518404836,-0.0459871277119967,0.0160645773693552,-0.0267335658523707,-0.139632404689787,-0.0246889494176283,-0.0372725011555364
"Abomasum_20",-0.0131946343871722,0.0133384387109559,-0.0581552442989482,-0.17296857687227,-0.0834041505333778,0.102181291892825,-0.140117632064102,-0.003356892913134,-0.0878623127107526,-0.130539525525123,-0.055623674836968,0.166741551106179,0.86585957604984,-0.288299129333153,-0.0233731728817196,0.0124118388551475
"Abomasum_21",-0.0512839818489036,0.177824154382164,-0.0259404274403107,-0.196378350215976,0.0387373767738819,-0.147431298203142,-0.0878135387334289,-0.0921063720503836,0.641238986289164,-0.138144582457801,-0.0137433568772149,0.100925984126971,-0.0765632979503932,-0.135515377956289,-0.0689608947249593,-0.000589045550122248
"Abomasum_3",-0.0839199919121752,-0.0414417361372677,0.0269704122873519,-0.149854747751291,0.0109064309999761,-0.0758488718309959,-0.112380577568687,-0.12753351577956,-0.134359718678265,-0.105786472315971,-0.0252256028276116,-0.056481161867185,0.0019773005198399,-0.169564122462836,0.0121118778365813,-0.043832136529279
"Abomasum_4",0.0301267372418597,0.275520054025651,-0.0993724668836617,-0.335280631866874,-0.0117641216070801,-0.121851295753357,-0.153840651203844,-0.121314377269184,0.461831399686786,0.23982940502438,0.0236096086062437,0.31824773231101,-0.0920713109042546,-0.250454390722561,0.0213100668174921,0.0859385064414505
"Abomasum_5",-0.0558980050106271,0.160399253909178,0.030019545737954,-0.189507827610738,0.131207168321031,-0.0936776229517859,-0.1225809382882,-0.145395215124156,0.149057282103481,-0.0934900599921731,-0.047385689241709,0.0613229301436585,-0.00987346414556224,-0.115404501650516,-0.00353903243899476,-0.0505145073926812
"Abomasum_6",-0.09481908352173,-0.0901696299053879,0.0387292003325322,-0.156226001404159,0.0129260070028986,-0.0511084111565531,-0.140921166446619,-0.156350535514888,-0.247615330493809,-0.0897243577267591,-0.0772455494459806,-0.0925387877742723,0.00634346688275965,-0.134193024953862,-0.0350071048189469,-0.0548381954231979
"Abomasum_7",-0.0633142343585181,0.083152957717121,-0.0269969381296571,-0.197893607958762,-0.0994138527469274,-0.0575562435042108,0.132072466920176,-0.0559536400066201,-0.107314223667676,-0.12683091155438,0.0503769920680824,0.0560393076067914,-0.0592852834733492,-0.480943898123489,-0.0276872237857819,-0.0189539260933981
"Abomasum_8",-0.0355688074649611,-0.0133579815216119,-0.000810314900360006,0.0625416297778006,-0.0284891361697997,-0.0321381790116996,-0.0700210110635051,-0.0598320509625172,-0.075285040619701,-0.122268887573272,-0.026414321149456,-0.111919343453684,-0.022265202313534,-0.113220944373729,-0.0470195501338886,-0.0621212589472983
"Abomasum_9",-0.0398645497420756,-0.00789039036844727,0.0500012216595562,-0.208767909920513,0.020395454866544,-0.0224466631885094,-0.0670033348422968,-0.0955386480347495,0.188628880151681,-0.0903645486588713,-0.0331580663970897,-0.0949902577661907,-0.0368686867523228,0.26745228434061,-0.0118141590227833,-0.0839058427627368
"Cecum_0",-0.0877438453208427,-0.0334213545449077,-0.0252804825896095,0.351359706692765,-0.120033015281769,0.0759355410990627,-0.077563306708902,-0.0112531901394787,0.0690032542624779,-0.0806822011271757,0.0218508992034156,-0.0398116408084798,-0.0346734080859374,-0.154269568528868,-0.0478461086441582,-0.0455588363400583
"Cecum_1",-0.0293837778596704,-0.0130885696651176,-0.00658197952938414,0.413930610924082,-0.114344242333477,0.0399095040865495,-0.046016975618087,-0.0242046881704713,0.147546013603899,-0.0860187912427235,0.0537846811751522,-0.0899185088894124,-0.0175357597130407,-0.189396964614655,-0.0579391512320756,-0.0387827698841265
"Cecum_10",0.637903358823713,0.0954037512478353,1.56360617512314,0.103421477559972,0.196412837022643,0.0841904184332763,0.214812320069441,0.287132208465933,0.766874434781703,0.727034507144028,0.0530549027086074,-0.0484156073572372,0.627530951172859,0.404716483568661,0.488916876456102,0.210375305377259
"Cecum_11",-0.00427153609514129,-0.067864166710036,0.00816570531256887,-0.0321273457763424,-0.0793205093660356,0.0461780488525437,0.0564636780790464,0.0840665736860922,-0.205344170248348,-0.0807912107155508,-0.0478572680658486,-0.0480248903748647,0.369843289250864,1.09926430624773,-0.0198241739594377,0.00492492988099516
"Cecum_12",-0.0354188047744694,0.122384319980848,-0.00381378774596897,-0.0544767112845327,-0.0973335844490091,-0.0152060524870072,0.136422504799428,-0.0290962308068691,0.0252518354370985,-0.101712357660645,0.0562181061663543,0.0859861572855632,-0.102337328378364,-0.445238393545297,0.0058396910446593,-0.013365298416501
"Cecum_13",0.0767075692859625,0.21532986104703,-0.00590585373484953,-0.071547799299466,-0.147639159762732,-0.0319600932169717,-0.039506367854588,0.114606437751999,0.559128437724836,-0.160182636357343,0.08534044237198,0.0510022913456018,-0.0591208688782771,0.0553666478188568,-0.00219576318652484,-0.0371187178161882
"Cecum_14",-0.019069744823384,0.171403352376768,0.168371705563902,-0.13106365514416,-0.0614035197884036,-0.0995914014110798,0.00862753646820963,-0.0369137951783698,0.444363824262412,-0.0554838630860626,0.0361082430037839,0.169868702125036,-0.0413476166829023,-0.181140676939076,-0.0472776475696084,-0.0228612345227811
"Cecum_15",-0.000902641966535397,0.165668043410537,-0.0228893456972032,-0.118822226133347,-0.122476931207774,0.0330456907222009,0.103783374746688,-0.0959990666705254,0.409160358127197,0.010187003771878,0.0120581680468691,0.193532776572506,-0.151378907700796,-0.171813022845461,0.0104869412327661,0.018683631300856
"Cecum_16",-0.0748684751963489,0.0698750547243832,0.0393710524544131,-0.147309086714715,-0.144107326087466,0.431430496147433,0.167760331842881,6.67112857769046e-05,0.293064727733681,-0.0663649848398121,0.0687900513402552,0.149732810377794,0.0906492115317218,-0.250202297586808,-0.056200184648955,-0.067915791052964
"Cecum_17",0.0593631278606753,0.143956515107536,-0.065683512961247,-0.143256498350221,-0.0695003338014926,-0.058860745171945,0.00717777939185811,0.00113562862587938,0.0904831394934187,-0.0894075696866788,0.0247517246264734,0.255438877521718,-0.169440278657415,-0.410970174839934,0.042519549967273,0.114400524537479
"Cecum_18",-0.0956011636593092,0.0835967078066888,0.0152857516418947,0.0627666378822904,0.0122095126372433,0.0204672973898957,-0.0673632667159511,-0.0796409007336153,-0.000194033256249567,-0.087348485443406,-0.0225691141416395,0.0229220396288896,0.0254816781348533,-0.0815192209098017,-0.0182958582059162,-0.0418998206483206
"Cecum_19",0.0741845466375581,0.131034931753346,-0.0460386147101153,0.186082799447547,-0.0864272914098995,0.0582596819454267,0.0421731306750894,0.0884315103609911,0.447508335481857,-0.136078647961575,0.14341209829084,-0.0158668409965731,-0.0346567843523058,0.00977656301024109,-0.0266967871448335,-0.0220416759023503
"Cecum_2",-0.071026579997642,-0.00572939275428215,-0.0087661527481754,0.378015787168734,-0.116238223772168,0.0678048845550724,-0.0645946922704493,-0.000295559044717512,0.108309775132427,-0.105211365736789,0.0367321609939653,-0.039194202334492,-0.0627540209022265,-0.183017829976812,-0.0466114268687774,-0.0570275688007454
"Cecum_20",0.0603021749003347,0.492432711062317,-0.0497257307479106,-0.267685683571375,-0.0443204735243201,-0.0421144515644621,-0.0170046195425555,-0.0382393592374112,1.26302203605916,-0.103654608105885,0.0834811838140455,0.156397660969416,-0.0940949249101354,0.263783629312316,-0.0342476137054349,-0.0871225540056947
"Cecum_21",0.0751611305001997,0.369008757374311,-0.0120564094124175,-0.221692022491568,0.0153441916365953,0.00108861373850012,0.0301378067893843,-0.0174810502178679,0.948973506900873,-0.124580433970106,0.0872033374583044,0.217632043350035,-0.0788644901620306,0.298657389067834,0.0406966857686154,-0.0466410223082783
"Cecum_3",-0.130331133656673,-0.125449535295444,-0.00240662620019084,0.412607137284842,-0.0739004527701062,0.0888739327627243,-0.0863151427989839,-0.0926578719053898,-0.247859091705126,-0.0369321507189394,-0.01493475510378,-0.100065175314724,-0.000999044558533477,-0.13805430801161,-0.0716495482060077,-0.0764266058853152
"Cecum_4",0.146351050829199,0.0193385611009811,-0.0117382688950469,0.0347191435539932,-0.137041519320083,0.23096262020427,0.0192322871579309,0.23257406448602,0.0938939838860645,0.0121973936918054,0.0511311988308035,0.0073212774063457,0.159671587084901,1.78852917200654,0.145774962948808,0.0640190307961833
"Cecum_5",-0.076854607237938,0.0400265446169372,-0.0399869727927328,0.0604573610180935,-0.135432429071574,0.143201653882871,-0.0566071362542588,0.0716263498155847,0.140329917748325,-0.111358887504273,0.0590863869065716,-0.0126227962605356,-0.0296872100474149,-0.0821154539723727,-0.0589958774657386,-0.024471973063665
"Cecum_6",-0.0297456332244838,0.00190942632665944,0.00659807913434607,-0.152114806660602,-0.0321265798238285,0.0700986664836548,-0.0379778836611922,-0.0662139792675279,0.262954346310839,-0.0344101475802956,-0.0234616697218039,-0.1014958128343,-0.00293971941668957,0.829687522807284,-0.0100537454601837,-0.0593654624447665
"Cecum_7",-0.0104800525539841,0.214663500170748,-0.0645960758897811,-0.282106541278276,0.0586807041841267,0.00794787159963307,-0.0731531057849738,-0.0672411978113533,0.169653302122061,-0.0046519523133943,0.0497923033281536,0.439374601414684,0.0701137400763782,-0.133381631275651,-0.0114014990610137,-0.0167022046351863
"Cecum_8",0.241737841553672,0.205431053650285,0.160043503223384,-0.114093279897269,0.0151150724186364,0.00492001731792629,0.131062082755781,0.38205182616333,0.861395577254705,-0.0310203255855239,0.0990638035919562,0.0691029890301119,0.0501706769864745,-0.0499527136007425,0.215546447947426,0.0188949568819826
"Cecum_9",0.492603772899037,0.118146517513873,-0.0665318124917961,0.173618964561353,0.016210011542856,0.0346420449809933,0.25552225226802,0.441003256413878,0.632719966328293,0.910121104611688,0.131202771826002,0.0225596130040879,0.164065767138795,0.00887631802278262,0.518530560607121,0.165884166233154
"Colon_0",-0.0923436492282367,-0.0389988027357781,-0.0206867838826718,0.478506492392653,-0.12658097550897,0.0732202021707854,-0.0681560809195,-0.0184745347324946,0.0368721131213892,-0.087463163078649,0.0290162222116464,-0.0982614810802821,-0.0578243734326015,-0.200862408363812,-0.0593907408549486,-0.0655791128549884
"Colon_1",-0.112002483212907,-0.0536005172470105,-0.0225036445100732,0.400201612338992,-0.131724175739244,0.0846874409802424,-0.0752775844552814,-0.0253830523717997,0.0193282554971106,-0.0613352403226228,0.0152890404835487,-0.0466728966561493,-0.0219910255490141,-0.175686072071663,-0.0631679886034611,-0.0480931816975724
"Colon_10",-0.0804506659795522,0.109827931759005,-0.0189913941890767,-0.128051460126301,0.0246100468068814,0.0107392211828986,-0.128864620803757,-0.108556168351493,-0.0629984164316794,0.0535890477843178,-0.0224844872959127,0.197577652028021,0.0294975533628912,-0.0829453448531892,-0.0197019873846233,-0.0575356713417254
"Colon_11",-0.0926361649093706,-0.0457993730937863,-0.0688680308288064,-0.0258777035287522,-0.105809139932744,0.134004282938774,0.0699676354617557,-0.0772376967909616,-0.0726644595884347,-0.0031533327141546,-0.027063928801562,0.0493406726241214,0.00655436875754321,-0.203163113656219,-0.00124128538100487,0.018588093494647
"Colon_12",0.201040517705982,0.123741761825535,0.140145838544983,-0.164065882971536,0.00498000463761165,0.0178825536013071,0.0106026154716497,0.244000809548112,0.617961466910156,0.0796561786375942,0.0253460894087755,-0.0197562064379836,0.0336948486087831,0.00406930204168911,0.165601325084175,0.0132708756863045
"Colon_13",-0.168706255077855,-0.146384906778179,-0.0097237679560746,0.215589134542636,-0.0809866224640042,0.181851448053258,-0.0892229985433197,-0.0977123818213108,-0.383689020814183,0.0107112585651975,0.00705518287944862,-0.0315037552087713,0.0954952249569294,0.00225137013398082,-0.111046545516131,-0.0658900379405411
"Colon_14",-0.168389015219657,-0.182078698164014,-0.0909672421108402,-0.120319295698924,-0.0486039586026516,0.155064569150087,-0.153942839143256,-0.12439613158491,-0.532368042777596,-0.0773349178450487,-0.143993995653649,0.178829131765564,0.811295461111589,0.0484082179127442,-0.0541040217821255,-0.072815246420657
"Colon_15",-0.0442043320664129,0.110328646700147,-0.0478937298504436,-0.172777024313473,-0.0681137110121109,-0.0335932179267597,0.0781393111699041,-0.0206092856568355,-0.133635709115967,-0.104052074660227,0.0203376181663809,0.106626491572352,-0.103474792003607,-0.372923335797053,-0.0277401515805736,0.0197689252735133
"Colon_16",0.0662124270929695,-0.0359729059076749,-0.00161751733527309,-0.0861523718057637,-0.0431105828860127,0.0245184218241962,0.0213207808387324,0.117310471307368,-0.110140960637423,-0.0722833540583095,-0.00507288059503688,-0.00744004691652962,0.298191427798101,0.91090157552775,0.0473694877248893,0.0169275627025866
"Colon_17",0.0122094191220487,0.263583457902045,0.478660261974983,-0.105381799703693,-0.114521786584057,-0.0763840630801685,-0.084645273091695,0.01145522300214,0.518043932933772,-0.210405745193464,0.0546594750086407,0.108280610885492,-0.0610634970234636,-0.0325585185248318,-0.0172289152117732,-0.0532083399774744
"Colon_18",0.96485818420279,0.229930882289626,0.897195570446865,-0.115797106225533,0.616348707097872,0.209418252439507,0.254370287407985,0.376782723831647,1.25087694364168,0.917017999650869,0.0491535889720651,-0.188537045315154,0.383902127175014,0.321777041375275,0.553183042567258,0.212678927136201
"Colon_2",-0.0406957189241573,-0.0565354038999628,-0.0184627113764095,0.420823403455371,-0.123572969909116,0.036089144651174,-0.0587342238610008,-0.0406664325728663,0.0415157100827185,-0.0632267918711831,0.0143334825184587,-0.156501902344816,0.014372918950348,-0.190326041204098,-0.0667984406891677,-0.0509934553461906
"Colon_3",-0.144293444513741,-0.140443445327598,0.0544536847698223,0.421046928382145,-0.0692566191091726,0.0786239082561461,-0.107117927810096,-0.0969091420802972,-0.337110494872354,-0.00559698194552041,-0.0192511268222059,-0.137757156755364,0.0340010619412851,-0.177204953558654,-0.0912176802626645,-0.0857717357859674
"Colon_4",-0.0860929312904158,0.0344217266799009,-0.0388181287121229,0.108072637718945,-0.139321645002665,0.151304970772328,-0.0469624213395771,0.0682412615135245,0.0807665771066605,-0.108356362172304,0.0722991001037978,-0.0387040971406617,-0.00924818359656477,-0.0409347649557318,-0.0713718272258083,-0.0328523330407156
"Colon_5",0.174709999776299,0.0406110284125329,-0.0104470869129901,-0.0367722958128468,-0.118468358321456,0.187325305705739,0.0165442736670567,0.219424646286439,0.0881127676818294,0.0148718126404711,0.0549035094610907,-0.00330250752662331,0.133717505611555,1.3763356778468,0.164312358123645,0.0616498937053744
"Colon_6",-0.00299040080267811,0.0163931065056881,0.0158106624846509,-0.150422838105776,-0.0357408967983881,0.0452632853284122,-0.0465812785354394,-0.0569068165900069,0.231187719540052,-0.0862465361011795,-0.0206926150055613,-0.0731958190067163,-0.00119172765661216,0.63051602076065,0.0173834562206502,-0.0570291143006581
"Colon_7",0.479829622346465,0.0401018115037966,0.0804369827936548,-0.0251513719354753,0.0527181377564642,0.0154641366162653,0.0432412563593841,0.383168717706188,0.237798662921033,1.08106980516524,0.0206580756860334,-0.0854283926296122,0.0611827343764844,0.0414816081566204,0.4645298403168,0.121213754820902
"Colon_8",0.0353565455105636,0.0583655166751186,-0.0736648677463267,-0.237878632797887,-0.187214023165418,0.117839359585873,-0.0850011332575035,0.108440166851464,0.291944009926053,-0.162569962046593,0.0446247862392137,0.0254967848184205,0.198555495810881,0.92514089873031,0.0247383183583127,-0.00514270755663484
"Colon_9",-0.00190037725943504,0.222946564201326,-0.0859539026026709,-0.305254551250104,0.062484517219127,-0.0222465590551084,-0.1445095895635,-0.109449031385482,0.210531060652544,0.0883725098611295,0.0392245718802108,0.546037149137141,0.00346671708205686,-0.0937507747208169,0.0147128500001783,-0.0163305013878697
"Duodenum_0",-0.071729621039771,-0.00374961935920786,0.0150006746270208,-0.226473639353551,-0.0274517335919041,0.045018035693365,-0.031719862268864,-0.110803482691248,0.209930844193477,-0.00747065495126096,-0.0355481045283988,-0.135755181158688,0.0184269944552589,0.817262122794651,-0.0235670213245366,-0.0608349784354539
"Duodenum_1",-0.0396061262551875,-0.00622601919954868,-0.0199105887505848,0.106398663199768,-0.0524134574806592,-0.0248892310134682,-0.0653466829611505,-0.0279084643347158,0.15119573854068,-0.150382094310336,-0.0236154342697325,-0.0765125879234003,-0.0430266933793122,-0.0996376818108683,-0.0288812031304104,-0.0586601220510471
"Duodenum_10",0.213172434846235,0.0495556920207333,-0.0276756325187581,-0.0821636612212672,-0.0407957769272492,0.0275644605022068,0.109078590021986,0.375606692677819,1.0486507423102,0.0966282808237395,0.0531844366188022,-0.0666946454203195,0.155295214568036,0.274084960018761,0.185258640850572,0.0353106007625165
"Duodenum_11",-0.0954950912255912,0.0067234251757338,0.0755283183136639,-0.234641094254758,-0.0129578530412264,-0.0614759383210309,-0.0824655046628428,-0.113746795213171,-0.0649576348464594,-0.0446354132324397,-0.0429312875976745,0.0426064893240751,0.022186036542853,0.0345126031323275,-0.0226610927694137,-0.0592828452733869
"Duodenum_12",-0.174713714667328,-0.051441974666391,-0.0390283325081634,-0.29585430173525,-0.180555126437291,-0.0179193273341156,-0.0935529625845801,-0.0659476249484019,-0.0046709193789465,0.176333511675687,-0.0339473556483412,0.133753653957681,0.20807404153571,-0.103749521907202,-0.129800548947414,-0.0811206806773626
"Duodenum_13",-0.103414585392001,0.0803181865999113,-0.0710494191094656,-0.414642393134846,-0.187555783173317,-0.069304825125787,-0.0837396882584478,-0.132131094047727,0.173290456526435,0.0589681477549577,0.0597464938979218,0.296288457920594,0.0199537310794733,-0.024569939553424,-0.131957511067482,-0.0352686768260823
"Duodenum_14",-0.0728429580937314,0.0366482929364006,-0.0433656003913072,-0.0845251724318569,-0.0615401432929099,0.169624649981737,0.109293413492845,-0.0284949619735181,-0.00837025609971997,-0.0960800615575048,0.0526999312346267,0.076232798854185,-0.0128339726111348,-0.228176295844337,-0.0456098295013797,-0.0547563628970907
"Duodenum_15",-0.0711639559904223,0.0624074701338285,0.0291416381784134,0.306135296051716,-0.164936895528987,0.119026973347307,0.00846720626169182,0.103079928310651,0.15068772434764,-0.0343673766940539,0.0400836857725243,0.0549460998991619,-0.0550878164487602,0.0625200471929491,-0.0519870802239168,-0.0174755789749168
"Duodenum_16",0.0719264743015876,0.198100521753582,-0.107652226671456,-0.15337795739377,-0.0414238673593773,-0.049701807204913,0.00277128439300979,0.00103663826076829,0.184607436769933,-0.0569878245965087,0.00526141659247138,0.375412044089079,-0.163676936504639,-0.413780536396005,0.113500928663814,0.143131949381218
"Duodenum_17",-0.0304464365089855,0.0421806898512543,-0.0469825438124121,-0.332749189219977,-0.146795656798178,0.109432178308431,-0.0249796784410863,0.0505446286850585,-0.0668171002959318,0.21324606012936,0.00861459779940822,0.582107681975919,0.0612576538830107,-0.0332895604272985,-0.0176594283438787,-0.0128299911796279
"Duodenum_18",0.0743345860677646,0.103908926363681,-0.0521878929324252,-0.228442262991072,-0.130468057455153,0.00703218530601384,-0.0700955028872615,0.0866567824963019,0.511848638312945,-0.0757574840546147,0.0333487720283618,0.0160656227279845,-0.0304039704346117,0.434249582175094,0.00339372123787535,-0.0393497572931061
"Duodenum_19",-0.192302226077858,-0.151995021070343,-0.0405649618481936,-0.0393259298664029,-0.0923551775328738,0.0461728654744117,-0.0707032267441541,0.0359728458592146,-0.486333173734765,0.403170470538081,-0.0437874318087993,0.209237764170114,0.186329402921398,-0.0738348532269562,-0.0133833550124629,-0.0346941797941498
"Duodenum_2",-0.0862281242424172,-0.0282139477665261,-0.0129352434463852,0.427043826405038,-0.122031820061474,0.0495708723597248,-0.0564565550497993,-0.0112811936478739,0.0860141915691222,-0.0944119023336523,0.00242449786524489,-0.0572609907215344,-0.0570408988836623,-0.168660947470553,-0.0496774429557136,-0.0587006420653569
"Duodenum_20",-0.0919871994626894,0.0176726347376582,-0.0489370232165979,-0.0608151818205084,-0.0896509801491155,-0.0715484373573689,0.130036945679388,-0.0985871331432714,0.0710056576624776,-0.0805263215776164,-0.0126839182593215,0.0526483544986155,-0.111567138810319,-0.18634989391219,-0.031582671701239,0.0373987784868855
"Duodenum_21",-0.0637042171175883,0.160545475922588,-0.057527942321859,-0.133336363708967,-0.100226326300973,-0.114011218459063,0.0365859215924167,-0.0972284739501899,0.336628227901485,-0.155610649477654,-0.0081116807391376,0.338542180638406,0.00823608623714627,-0.165950268347223,-0.0759327898994626,-6.02609704071368e-05
"Duodenum_22",-0.168682087244817,-0.111228935601692,-0.00846023687689464,-0.160311808490061,-0.0512703433741998,0.142131693120183,-0.151507867762097,-0.125295959290784,-0.450412545483416,-0.026753202721247,-0.114298764130818,0.00992568056760267,0.67098711286631,0.115418384511237,-0.0767680156478105,-0.102380300795541
"Duodenum_3",-0.0483781346104679,0.106883164080373,-0.0653917109278078,-0.392584429560365,-0.117292026065918,-0.0163246137614613,-0.0566517800442919,-0.0812732960785237,0.186608548676923,0.115518902383175,0.0540620171861612,0.388947436423449,0.101792589147762,-0.0189547543293215,-0.0659900272683054,0.00998496542165139
"Duodenum_4",-0.0129439658115691,-0.0101181066507718,-0.0185138504458469,0.279499240485568,-0.0819007743059447,-0.00294106093143924,-0.0504307478367284,-0.0360878926819724,0.211250115897199,-0.13054799095803,0.026372384527331,-0.092511901605978,-0.0372453069051263,-0.16555978069633,-0.0621884952292972,-0.0515880176521708
"Duodenum_5",0.385141240318797,0.0345022416792833,-0.0403685454898366,0.0243741039843288,0.0125512437697271,0.0376883774945315,0.13493246689526,0.410340294591225,0.308877761745764,0.890320002292265,0.0463183741372006,-0.0533080424519176,0.0644915547852168,0.109303602080834,0.465318059362828,0.127980234710491
"Duodenum_6",0.104772835006212,-0.00330944315554466,-0.0121766687485698,-0.171642022727698,-0.101450579660914,0.113835825107041,0.00347975477597526,0.145419799333292,0.0772267044081433,-0.0693656417080154,0.0215588540397097,-0.0119067081905561,0.0745930359660651,0.767253247233901,0.101122547692395,0.0133359661556556
"Duodenum_7",-0.0532878352278276,0.147271202801726,-0.0479822831102099,-0.156201051661013,-0.121215653953584,0.0172764697302138,0.212197186184807,-0.0149947753489757,0.0686973042694331,-0.129123886531736,0.0670085266627424,0.132461360973341,-0.0844188801002057,-0.518426742986022,-0.0130990409871978,0.000209491762939058
"Duodenum_8",-0.0418501051580494,-0.0911690205396109,0.0202778306352687,-0.0258478667716784,-0.0481157987134886,-0.00046550922543524,0.0194711670620264,0.0420086633862121,-0.312684023664245,-0.0927904182972951,-0.0816232919455373,-0.148819431300217,0.220631057845593,0.732381019222572,-0.0174473239020625,-0.0389876409230471
"Duodenum_9",-0.0950923540499017,-0.0387051130799239,0.0221076267045981,-0.125043643910076,-0.0342035030601078,0.0486764475690565,-0.0472363075579359,-0.0974168562817356,-0.0821825141043137,-0.0134567517475545,-0.0505992324925405,-0.135666999216207,0.0316206075336237,0.74370879512494,-0.0329173238292525,-0.0614622742996608
"Ileum_0",-0.00541895152752491,-0.0543900896498493,0.00491282162898999,0.42501620387188,-0.1372374858696,0.0454463348861405,-0.0771422363311173,-0.0181926165799391,0.0613346129836785,-0.0868713826578564,0.0184352095420921,-0.164443997923558,-0.020994493488452,-0.18458399709263,-0.0530724858742262,-0.0380369898040784
"Ileum_1",-0.0625503532940437,-0.0372060717968072,-0.0115202664012367,0.383333387489303,-0.13652793554643,0.059329135973477,-0.0717694892553843,0.0113388276143509,0.0769206090334684,-0.103452287154813,0.0252183601856398,-0.101667225061091,-0.047827002175934,-0.127596759121391,-0.0380398389851704,-0.0388724408189869
"Ileum_10",-0.0882820467854167,-0.018149979347602,-0.0136746281062678,0.149860155229653,-0.212256762962281,0.0341604279039723,0.216519069770418,-0.0418086678762985,-0.216382236507299,-0.0880809653161637,0.0211025339256523,0.0300735099393926,-0.0436409911432796,-0.58779890472068,-0.0860157655851268,-0.0470296783470626
"Ileum_11",-0.0757500318511605,0.0160626594367686,-0.0437419769453366,-0.330603741641755,-0.0707277268462399,-0.0160635721659215,-0.154998021510566,-0.108353758387389,0.177162109284978,-0.0592378752842422,0.0687759852789051,0.392940104079495,0.128012819600096,-0.120297584434841,-0.0384781679893941,-0.000979949616354354
"Ileum_12",-0.0427207224285399,-0.0229596547827765,-0.00504594491083263,0.215058077938957,-0.112296395985501,0.104796153493073,0.241544789955677,-0.0665731211486979,-0.256414228798886,-0.0706589208448837,-0.0283405246782503,-0.168250036960197,-0.0982633093221471,-0.591649728892016,-0.0388839746781481,-0.0865088749675119
"Ileum_13",-0.0879269507837233,-0.0252765826344815,-0.0313019868893983,-0.0587806301966882,-0.0498805869416204,0.00107150116651772,0.200320394438211,0.00830643476492742,-0.0271640217798063,-0.0900710721817425,0.0608682112248602,0.0178979840418217,-0.0450398700449765,-0.223839439768356,-0.0682610904277238,-0.0643324420305623
"Ileum_14",0.017059702648934,0.0796600890730608,-0.0480107587851452,-0.297869983464365,-0.197087841035528,0.0472833442210696,-0.0909199074242842,0.051709701287968,0.198672099226306,-0.221873442890116,0.0563049289760919,0.169003632752174,0.0369389900043329,0.341847716772324,-0.00346574861885302,-0.045863144396918
"Ileum_15",-0.143246330320168,-0.211862503261382,-0.0258546076860387,-0.0763227602210879,-0.170886454570098,0.238770555249391,-0.186772530374484,-0.0850951612257153,-0.4960460656866,0.0107848955319096,-0.104281022400874,0.229734604604775,0.961945737995268,0.0589314597640662,-0.120468775550926,-0.0845123575805989
"Ileum_16",0.0893752156226699,-0.0231668563650693,-0.000456098947217546,0.144935381200593,-0.105147581428261,0.164115203877441,0.0739745103779205,0.255576504917719,0.248040065215968,-0.021919803293698,0.0949008205434767,-0.0492774737607205,0.301503461755541,0.214981772351428,0.0901819584165473,-0.0206456060871253
"Ileum_17",0.403103640614957,0.0195000013623747,0.297956722964031,0.15296013858804,-0.0557341288141194,0.124188394829235,0.343628469200615,0.353047145773997,0.56163508061056,0.556680584889859,0.088481422388155,0.000558525951317451,0.597432283867773,0.687493905779008,0.294785520906094,0.218012912735231
"Ileum_18",0.305895901786025,0.00986356644497919,0.0749501776182858,-0.0627550700268663,0.0295531508203344,0.041649207285104,0.0546399046483198,0.32945223561006,0.105742051349743,0.724101658515945,-0.0039566446928331,-0.119377475274264,0.0234236121559371,0.0493549235657906,0.437198163648771,0.086343037246567
"Ileum_19",0.207173831734746,0.142570981713721,0.108147582149731,-0.234590675819053,-0.0567574084149724,0.0959700049424971,-0.0284345978860257,0.247678466843184,0.0587213374959465,-0.0960663717186969,0.0529586531765147,0.0652398463824466,0.0456036378785261,0.116221348632866,0.187744394720953,0.0394627892858372
"Ileum_2",-0.053271531591919,-0.0893527221295138,0.0162429757607854,-0.0343000186401444,-0.0972243314311685,0.0070579651494842,0.0853167693606376,0.0703734050357657,-0.263657870073699,-0.086968875674543,-0.0744733988403196,-0.118362304932358,0.353254597240593,1.02565562756424,-0.0391125540183295,-0.0287401566506912
"Ileum_20",-0.071447670889603,-0.0200778745518424,0.0185639443110225,-0.183435593444936,0.0119173473412215,-0.0388849248871532,-0.112725058128877,-0.0960660872522331,-0.188076175968756,-0.0885884306072445,-0.0412138092251012,0.123875770991421,0.0788871854607446,-0.0419777506456371,-0.010507415491068,-0.0485499480293961
"Ileum_21",0.232318462289999,0.257081509368948,-0.060272318348068,-0.336917364127413,0.0523642278118178,0.00469413421006255,-0.07129992205401,-0.0487390653361131,0.0146227055066985,0.0341048169966659,0.147252026433619,0.548587118685592,0.223224158946922,0.130502488068811,-0.0296088717497365,0.128778463412526
"Ileum_22",-0.00307660139892386,0.0113444403663602,0.291114174750918,-0.172395455259235,-0.025835735668846,-0.0136852930351574,-0.0191582996371029,0.0317003653654788,0.0785596551338288,-0.0803446926517399,-0.0329999959007175,-0.116395297657401,0.0234030097597007,-0.0984274426305198,0.0398817870873357,-0.0499319500815441
"Ileum_23",0.00505115690382978,-0.0709192863743269,-0.0543119249214557,-0.307288360280541,-0.142979212912839,0.0583995586093679,-0.0968173562446169,0.0352806883789415,-0.240696409698969,0.0458401279259852,-0.00819344818341382,0.561626772010153,0.238374528332699,-0.0709034838057899,-0.0550249954812673,-0.0204285126576334
"Ileum_24",-0.0704124033690741,0.0193203852747325,-0.0306056299258525,0.0323323653279328,-0.104188321990562,-0.0621246057197953,0.146211641973212,-0.120717762236937,0.0695199553017566,-0.0455460080330643,-0.0144070377744918,0.0381203989925374,-0.108972590030158,-0.225544911963773,-0.0223309199320689,0.130482980406309
"Ileum_25",0.090917802678387,0.103119830035591,-0.0466972713870021,-0.112445316053596,-0.0384066545855831,-0.0371259818071102,0.0294160544450641,-0.0148569249129301,-0.0473490463991253,-0.0582552203244074,0.00533560072337783,0.171437818338607,-0.105012269516026,-0.36788538135955,0.0520488912691261,0.142318993151486
"Ileum_26",0.791390892837907,0.221993268588587,0.959722738728869,-0.0210703337695636,0.515171589047108,0.231541281266603,0.343212284846795,0.281473636679136,0.421738221151346,0.939914308421584,0.0687999165252081,-0.22756057273582,0.457338954653493,0.569398077574314,0.48179424009676,0.199437367442809
"Ileum_27",-0.0396653105405619,0.0867906100538654,-0.00641107437831113,-0.0859267275423154,-0.0143088591298185,-0.0908458321035445,-0.10483741629328,-0.136589557426076,-0.20705070420868,0.0360015955988779,0.0902017775731007,0.124337157707808,0.00826608949839958,-0.273971357475802,-0.00246195786708296,0.0129089545879341
"Ileum_28",0.805927695982031,0.323609633586221,-0.0739710545514776,0.0941941447663235,0.259659713657548,0.0313727187827892,0.210246745857889,0.475139551825521,0.59039050570567,1.31372474511702,0.135940775509751,0.0634702014816145,0.125260530876063,0.118919728495862,0.663412850415526,0.281666546686563
"Ileum_3",0.461417067070964,-0.0777279277884344,-0.034156096229869,0.219241420026637,-0.0623247405820019,0.0920906457389845,0.379613054371185,0.487561712632155,-0.0321288448428169,1.13717816761571,0.104940045515371,-0.09289056649559,0.336877162838646,0.883887677144259,0.446394889777807,0.175371359430023
"Ileum_4",0.395810287714775,-0.0338117390085391,1.14333190131363,-0.023827509084855,0.0686588277809021,0.1118505924841,0.126695863045537,0.223905797936909,0.296963822578966,0.395743612996551,-0.00364999462324813,-0.000699005269961945,0.762485565460143,0.346246425668546,0.330916196076385,0.196273269183992
"Ileum_5",0.0685303709830929,0.234552333935342,-0.0592726673658386,-0.278644774813085,-0.15756001448099,0.0312582111877044,-0.0878292066166054,0.064972246079654,0.516755491155808,-0.207232952924137,0.0785087513525831,0.138072628675766,0.00423951202608972,0.314779448673896,0.0286879576476932,-0.0194323748041117
"Ileum_6",-0.175304015091214,-0.00313990988116866,-0.00638993921279792,0.0629124284085517,-0.159209715403782,-0.135992453826022,-0.0153603716291221,-0.192765181258649,-0.123977253164888,-0.159914054917283,-0.0568975549985723,0.024873852988071,-0.0243878914567359,-0.285409760233762,-0.145488176908143,0.00538019656857394
"Ileum_7",0.01586647264382,0.0697296308245139,0.00425318532425395,-0.206376240678739,-0.0489574667141517,0.0734881938939579,-0.0350182547143812,-0.0290503029650924,0.370277899254813,-0.0915870415624509,-0.00034062536682739,-0.016296326302435,0.0117474615865234,0.555870714997523,0.0306072681133106,-0.0408947882877862
"Ileum_8",-0.12919592391532,-0.0139688594111261,-0.0364339116424107,-0.260782281510622,-0.0878827292208027,-0.0548243534027959,-0.140171211350068,-0.101810772457301,0.0637223617713631,-0.0407015040220691,-0.0311538884382776,0.188471618387834,0.0869345695700273,-0.148653637247105,-0.102533264238039,-0.0863345116064387
"Ileum_9",0.143447413386353,0.0846513053776066,-0.00717624552029159,-0.0918593508846433,-0.154145544368828,0.217482138096036,0.056565986619537,0.222943675970578,0.207305061452551,-0.0257344030559515,0.0637075009859252,0.00401660146028201,0.14381079664827,1.23301189993243,0.138869808320985,0.0433142410705919
"Omasum_0",-0.107580784397167,-0.0592930148703315,-0.0323626373040412,-0.00345189823883099,-0.149684945797257,-0.0612282648660464,0.178183924804708,-0.0816279055183935,0.0941613447311155,-0.0182422520459764,-0.0319189385339034,0.0385840405689497,-0.0446146697938475,-0.338956102510375,-0.0475572664820187,0.156224250836822
"Omasum_1",-0.101706770729842,0.00236138795381003,-0.0189455708011361,0.0376696437341194,-0.118484633071031,-0.0672313346841366,0.0974915512681994,-0.0778944658501207,-0.246030240341585,-0.0723062779366865,0.031334257506185,-0.0468776992288999,-0.0289933586121945,-0.477633018392055,-0.0188191559560505,-0.0517038971937648
"Omasum_10",-0.0877036215386532,0.166777190357841,-0.0128274783854778,0.00412779891973112,-0.0521696693058693,-0.0869492524226207,0.108574616759972,-0.130038638602363,0.00504267912981966,-0.154289355713395,-0.0257736511598366,0.098006233757057,-0.0313623461428385,-0.197141780883315,-0.0882270534920428,-0.00924835683547406
"Omasum_11",-0.09200872676352,-0.00251754694283231,-0.0228585463081676,0.0155450315479348,-0.161360165767157,-0.0732085515565772,0.046112076636154,-0.0539527957091199,-0.295952621757164,-0.0985235826529091,0.00976379654168944,-0.0259590197849627,-0.0403736963310676,-0.407433649000355,0.0313683316225623,0.0159304560701212
"Omasum_12",0.294146376770275,0.0177446879146123,-0.0162172561863285,-0.0106608848164944,0.000713690591017164,0.0947716000439349,0.221692808743885,0.384053116375355,0.363484623921058,0.192621984741731,0.0773643597811386,-0.0697689990360784,0.267336885838835,0.714245993561253,0.192170846671039,0.13761389346158
"Omasum_13",-0.0593919649774389,-0.0475819260173829,0.0240970375234525,-0.226585993956176,-0.0185711893544991,-0.035883330516537,-0.0114579225272163,-0.0674689595121512,0.286010939159593,-0.108821257091128,-0.00876237822274968,-0.111235881812921,-0.0531755801602153,-0.00549795573887595,0.00101789347217846,-0.0726129117292515
"Omasum_14",0.0228118634771691,0.0576812238212794,-0.014654659556808,-0.0401517509601316,0.0178311068761156,-0.102166774005017,0.103588431980366,-0.0508334210629438,0.849267689752621,-0.109965442555958,0.102494590573443,0.0146948320886922,-0.0423801798968857,-0.123872384386043,-0.00555412329798386,0.0222529834537819
"Omasum_15",0.0258525301258004,-0.0623804177240389,0.0155240673848536,-0.261893351112662,-0.0253886410248702,0.0219887924580966,0.032395419835401,0.015105704938968,-0.1733646162062,-0.10068310002316,-0.00916444298495693,-0.169685587639535,0.402133579116693,0.208353446398967,0.0485437477774983,-0.011383873072444
"Omasum_16",-0.0251762097925585,0.140249133359504,-0.0349836407038589,0.0274273769569882,-0.112100405884485,-0.0627122171556976,-0.0453866492770583,-0.00984394543171455,0.16812704193051,-0.205256001254162,0.225321819208485,-0.00282303715694942,-0.120606807714477,-0.157445026329654,-0.0970906729205811,-0.092487966815141
"Omasum_2",-0.0109942526192086,0.0768964777081859,0.0114392663975277,0.0731908098904451,-0.0469984093149036,-0.0271533594449729,-0.0200408082849631,-0.028046887713335,0.171423521950009,-0.12028034356595,0.097798766468947,-0.0400976507475907,-0.0430005144377931,-0.139512210383439,-0.0289502717651098,-0.0568883981773865
"Omasum_3",-0.0235975226068144,0.224720709819431,-0.00475718550223218,-0.217767553551261,0.0982901124006469,-0.102333188888071,0.021129384598154,-0.143339936375607,0.965405835173134,-0.177709191678768,0.0150271165321926,0.162608910447472,-0.0924710919084274,-0.137740624955814,-0.0349146633923233,-0.0288302028686074
"Omasum_4",-0.0218946107267385,-0.061567743206803,0.00119191589879462,-0.122219361833906,-0.00162666284839445,-0.0992731542186154,0.00663940079300775,-0.0185710269900956,-0.240237768554016,-0.0879072510689577,-0.0171469055069804,-0.0165302671459442,-0.110831938592916,-0.274584847253289,0.00680132593389916,0.0347710977044023
"Omasum_5",-0.0552479699216819,0.485750690334593,-0.0464592573824613,-0.256890105602567,0.208896556474709,-0.153948249796509,-0.0305884040274437,-0.198226487382393,1.31489292118472,-0.157443812802784,0.0200731169731008,0.215771493793461,-0.128696018907708,-0.151804282727435,-0.0994140630561507,-0.0798426098669421
"Omasum_6",-0.052029829729187,0.634501699696268,-0.0385445575469661,-0.239249428748268,0.427878543740454,-0.114275567782052,0.0307238192684727,-0.195047700889731,2.15974719343342,-0.180690004654535,0.00067396594998964,0.271119519364476,-0.0822943182056231,-0.137693426770512,-0.0411977385105601,-0.0707912422949554
"Omasum_7",-0.108233041744742,0.00771644848693103,0.0460972249731318,-0.122720371641915,0.0291732637266896,-0.10224645871261,0.0553878534725091,-0.00403444528165353,-0.0596772582975142,-0.0829669229665899,-0.00731768752456091,-0.0103862228677582,-0.110584381162296,-0.155441746613799,-0.0605060241037062,-0.0144874564038183
"Omasum_8",-0.101076690964081,-0.0293930016583568,-0.00956697871787998,-0.0609279143962421,-0.0845355965895216,-0.0520933043343686,0.133113080560183,-0.101230855757515,0.0379806810392484,-0.0652284896422509,0.011755877014078,-0.0234685453998369,-0.0613496047241108,-0.295021474588141,-0.0220930788041645,0.0337621566751716
"Omasum_9",-0.0697656731739763,0.0231394801872396,0.00252357948493678,0.0535461191807493,-0.0439714454833405,-0.0173805321314635,-0.044379544663457,-0.0365813553939318,-0.0852617954613559,-0.124791521247964,-0.0171945100561156,-0.0996875902804446,-0.0594146383822601,-0.0780799215890681,-0.0505208629893535,-0.0691500070787451
"Rectum_0",-0.113171353752119,-0.0621660779852046,-0.0195750205265638,0.428031652458918,-0.130699969721039,0.119826723427768,-0.0724585787806007,-0.0464913888298391,-0.0173181565108919,-0.0516008744643497,0.0205478561891034,-0.05972145432386,-0.0133314492115582,-0.186072420415997,-0.0724259284355626,-0.0443970810339449
"Rectum_1",-0.09874034488227,-0.0626074416847734,-0.0211886836736651,0.507789143777925,-0.130408474680002,0.111937717578149,-0.0724570911798962,-0.040920323117865,-0.0244729657320157,-0.0701797599295255,0.0406669859335678,-0.120209306913677,-0.0479614658056242,-0.206893195487588,-0.0694884506488643,-0.0511796284007331
"Rectum_10",0.0307793535980753,0.296876083839469,0.112303441380023,-0.00327834824057593,-0.145081458670764,-0.0414678168008601,-0.0531752328909741,0.0846081692461819,0.661862609490116,-0.191385254542576,0.0912717266346447,0.105923669232874,-0.0966909778837842,-0.174827867487582,-0.0698784888653902,-0.04914196685951
"Rectum_11",-0.0965111311155068,-0.0448575194767938,0.0207283854278424,0.0809282574875319,-0.0336129178096367,0.019546133465794,-0.0969950340849688,-0.0440309596978721,-0.0789099595568252,-0.107959765526043,-0.0459364054272656,-0.120500523659577,0.0292733466625406,-0.0371513411179868,-0.0324846967197237,-0.0668863455118909
"Rectum_12",1.20967108030354,0.5386382376377,0.0332649589786996,-0.175410213798235,1.0076073084969,0.217801266827805,0.367415561088359,0.355725110445457,2.17431280052298,0.9356413129615,0.144142426280714,-0.179861903351366,0.259963138834392,0.183112614611429,0.727732811149289,0.344768324779651
"Rectum_13",0.227685773737236,0.266750439181791,0.00831667881590425,-0.133039390606249,0.0563942289645826,-0.00592801659245008,0.10239191266863,0.312562416347352,0.651120411743419,-0.125060124954278,0.0580228359787978,0.0796945524478051,-0.000988468814748246,-0.106342639233045,0.174558437222181,0.0210389958473639
"Rectum_14",-0.0331161064796232,-0.0035786386011741,0.0172219665275417,-0.149879074141088,-0.020777702861871,0.0199873111279533,-0.0687825058729643,-0.0948553915143862,0.156380214076118,0.000104790498169669,-0.0390656673822362,-0.108018860731504,-0.0160117508048786,0.46178673024282,-0.020041131868837,-0.0578401642379749
"Rectum_15",0.457184913316648,0.452493406353735,-0.0342508552354906,-0.116331574652629,0.201529779372247,-0.00266733207684774,0.274491679991742,0.325324198452467,0.767454255340299,0.267562497880456,0.112044943473669,0.17870725568627,0.14066139564642,0.023067262058995,0.257916002392876,0.107913133179503
"Rectum_16",-0.186391728047913,-0.133453670114017,-0.0300015014048641,-0.165992007815236,-0.0441537366179881,0.155683556224071,-0.128316621755313,-0.0415636441936741,-0.63176311785292,0.484624278639196,-0.0899781159849568,0.198947205273227,0.177602668920515,0.20081998729927,-0.0740261271732724,-0.0795124485691024
"Rectum_17",-0.04514237187003,0.128024314182091,-0.0682211715928429,-0.109939300900497,-0.0660936681016664,-0.103323078939235,0.0175853173155605,-0.0535909675873708,0.420378730898065,-0.074879467693931,0.00137560378774367,0.144657533314778,-0.153916365824582,-0.170287730690417,-0.091399829524854,-0.0529665809314695
"Rectum_18",0.145393718635232,-0.0145444033672644,-0.0120152930296241,-0.0344150205360453,-0.105423145208702,0.211646034531065,0.0238072771194175,0.184902566439321,0.0460123323681237,0.0127744907667483,0.0325971817541246,-0.036086590252715,0.155167151142757,1.44240558657732,0.126046818954213,0.0524685424529309
"Rectum_19",-0.134527239218669,-0.161266219089832,-0.0430839639868121,-0.0448281583914465,-0.0505470571178772,0.18625316758716,-0.169499991670474,-0.109309827840676,-0.414377970032184,-0.0144018084040565,-0.115861868147252,0.280548791057447,0.688282032492375,0.119656372619051,-0.03155215892904,-0.00686804303898577
"Rectum_2",-0.0527406723920117,-0.0420550071814749,-0.0112385792268386,0.421090079370713,-0.121948070518353,0.0743143501308587,-0.0591372497365848,-0.0516897356258029,0.040365918951135,-0.0802636909763955,0.040495002290063,-0.134253511316397,0.00897606330699608,-0.195447132495988,-0.08125631557961,-0.0410390791068404
"Rectum_20",-0.0223644438760123,0.227366214661632,-0.014312601217221,-0.149595138515941,0.00069000676371775,-0.120077633820902,-0.104651394410321,-0.091382760611476,0.0821039728128996,0.0335863519126081,0.0947331147247732,0.248119764784128,-0.0128217314636457,-0.229704990430548,-0.00901011431155306,-0.00527095265468642
"Rectum_21",0.0373386388605485,0.273331185779621,0.0136075265128699,-0.202306099517383,-0.0203880645313904,-0.0582339026844466,-0.0590917316192833,-0.0599508546005383,0.815523527701571,-0.0456302285923073,-0.000620447690931154,0.397878182702976,0.0730587310515014,-0.17108169803499,-0.0130429027885512,0.0175877450652818
"Rectum_22",-0.0912400893923596,-0.0175688941481691,0.0437495312962435,-0.177397278011093,0.0239908710864355,-0.0569555751700316,-0.119573900663553,-0.117899017397598,0.0180435350441091,-0.109572162382139,-0.058360360503405,-0.0138463110534792,-0.0389997967485678,-0.0843433626695516,-0.0323749778174537,-0.0590766372989667
"Rectum_23",0.123758532535213,0.262308543942606,-0.0841223222877191,-0.159322568094939,0.0409275333660216,-0.0819359022489374,0.000919832264708606,-0.00678691805478144,0.277889367757922,-0.0838783928533037,0.0146089292499057,0.290656123645024,-0.178072615967425,-0.380467865728829,0.0485295771474738,0.172152447929502
"Rectum_24",0.0548087011674338,0.0517557162999637,-0.000984830164226714,-0.12881613980069,-0.0373587761687588,0.062943429281921,0.0702227859734555,0.0934011361350976,-0.109803761057482,-0.109661220550765,0.00570871262996689,0.0332298371939389,0.318189321894104,0.526761247406353,0.0349386134977949,0.0226735140117515
"Rectum_25",-0.0352222772713756,0.209213588457176,-0.0791995613546903,-0.113935076500836,-0.0506711674833607,-0.114113611284629,0.0480869875573261,-0.104394425964473,0.572596251842499,-0.155808950540284,-0.00552008073736639,0.331763548655733,-0.0931701164220883,-0.188772681203954,-0.0648380862979174,-0.0342370741820945
"Rectum_3",-0.0944037622328391,0.00493406521857548,-0.0317471722379567,0.174734847260973,-0.143236921834941,0.181467654902194,-0.0500754878286275,0.0306871658051236,-0.0120226062978847,-0.0847546448079715,0.0614787568162978,-0.0348102049668787,-0.00978084563055212,-0.0503382914445889,-0.0774039876961617,-0.0327971653066349
"Rectum_4",-0.174769494006097,-0.168307010312438,-0.040061385909619,-0.100855925877721,-0.0898614342210557,0.0957508370117054,-0.158091813988021,-0.117964875213408,-0.373053088993685,0.324968412120785,-0.0871272462997878,0.215959419419116,0.102050044196425,-0.109555874866378,-0.0618008045189609,-0.0410428944044187
"Rectum_5",0.0283546071196644,0.256319281337708,-0.0570037474244191,-0.113454999300699,-9.15282123178064e-05,-0.0406013374836086,0.173867427826171,-0.0279184721585714,0.0942256658935182,-0.141876367203836,0.0984406916043773,0.107391566686769,-0.127496920203035,-0.478928904234682,0.0230504116887814,0.0123158106926036
"Rectum_6",-0.0024490800044725,0.162837102220406,-0.0650678101327257,-0.0403479151227057,0.00768884591420699,0.00571636234314005,0.0652381508400225,-0.105929323889181,0.289369449422088,-0.0130374739602929,-0.0315771243002317,0.142284468717037,-0.126697315963292,-0.194444633277997,0.0276687835108487,0.031487485976599
"Rectum_7",0.664359182867709,0.309374763240588,-0.0281994959247455,-0.0500919646685155,0.310894958157381,0.0623221819019483,0.269122905877098,0.422427931267257,0.608350591988491,0.72975793126677,0.0775659142078711,-0.025406364075491,0.172084222260184,0.0941099329751123,0.552510018578693,0.282844952921438
"Rectum_8",-0.0820228962486538,0.0661567170931508,0.0175082845112151,-0.179166104394851,0.026657946259558,-0.0679554576806794,-0.0988553680657161,-0.116991564611415,0.0553737665336136,-0.0843026575933525,-0.0370910260494494,0.102934908941592,-0.0204505091624643,-0.0637426672837776,-0.0179015259965931,-0.0509204010287544
"Rectum_9",0.00682566991963613,0.177229574602397,-0.113260824343009,-0.166824159811881,-0.0525672681572177,0.354708469490147,0.0856448324954988,-0.0361781687287826,0.443904407176923,-0.0920281267038392,0.0450803583196452,0.215332939969182,0.00629122079442069,-0.24931525617962,-0.0345507879953569,-0.039497988284629
"Reticulum_0",-0.0342419516776666,0.0439329847994913,0.0179361156269242,0.203054923891324,-0.0369688690146813,-0.026966016961156,-0.00435293652154057,-0.0298464982486306,0.142119919470166,-0.11125830597069,0.0617739170974376,-0.0409015819544348,-0.0362514424944584,-0.144878378119724,-0.0447127305196405,-0.0505297519585731
"Reticulum_1",-0.0634104301938178,0.0304613360191987,-0.0138617252064794,0.0488879159743624,-0.0817951127738822,-0.0487461846677323,0.119468640244011,-0.0705161901170166,-0.283202613419477,-0.0603150412567961,0.0213797928866142,-0.0735212397629987,-0.010348656885457,-0.604374381983001,0.0285665444231997,-0.079520993302498
"Reticulum_10",-0.0771903674895908,-0.0287875224478948,-0.0120768364884327,0.0372947833801431,-0.0703331282150151,-0.0933149095363366,0.190647189211412,-0.0925034798674882,-0.0212913520891715,-0.0548846912653118,0.026820923105464,-0.0178606198966608,-0.0965368614877739,-0.26435545036748,-0.0608007484040362,0.0138589419226499
"Reticulum_11",-0.0933569136654705,0.149855656721756,-0.0173875194698118,-0.0240484144092067,-0.0527181063909728,-0.0816588845809864,0.100114236803576,-0.152621068171532,0.0177344704024711,-0.136370740239545,-0.0343254243294308,0.0756963193008178,-0.0557171493872381,-0.240500845961984,-0.0960970800088712,0.00138116581243808
"Reticulum_12",-0.045890549899174,-0.0136982163897299,0.016175525007475,0.201908244437152,-0.0811365907536257,-0.0477731453562926,-0.0016305354828968,-0.0240337312072763,-0.0111766765398057,-0.0742459520342674,0.0814799116630039,-0.121153500286029,-0.0100984997725622,-0.163294022952757,-0.0523984588723438,-0.0727085156286958
"Reticulum_13",0.156750653771747,0.0389908850916866,0.169946593618251,-0.100178762418446,-0.00656220431384353,0.0239139808721488,0.0882278111555242,0.301123605044783,0.659056746941397,0.0935234083365143,0.0332632902947912,-0.0689930275141381,0.170432839916437,0.215894151314419,0.17702683198518,0.0288336311119462
"Reticulum_14",-0.0847154950498258,0.019494603603119,-0.0129185972423475,0.120350382527821,0.0263541388688315,-0.129270642783407,-0.0236841724781567,-0.176640199273306,-0.341326554582802,0.0548043225428169,0.163738519934427,0.0251338806447075,0.0235699065987496,-0.34039040148242,-0.018566671055405,0.0280356535552532
"Reticulum_15",-0.0452468415401561,0.0540681420700376,0.0117872181733195,-0.211296122581466,0.00756814652320059,-0.0229533771530254,-0.0514326557037308,-0.0895383420214659,0.324203750225521,-0.130324133127403,-0.0117809089301003,-0.0761052681141693,-0.0485369421559836,0.173830963696794,0.0119569124566804,-0.0877248898485174
"Reticulum_16",0.0280734475869476,0.134036408339057,0.00158979293282706,0.0341442877335277,0.106247008883526,-0.135456679172932,0.146639070213483,-0.0591451470626842,1.03068902168332,-0.0777142783371177,0.0924925537335175,0.0642734869746482,0.0455103437871716,-0.123016869752244,-0.000341582769564368,0.0341964428219013
"Reticulum_17",-0.158276819958214,0.0817283198010234,-0.042000919807148,-0.309898380248555,0.0167664760127972,-0.11542854980022,-0.0428396450640749,-0.0926457764508404,0.311269467684923,-0.164640210966194,0.0323481745260096,0.160214683315358,-0.0848162912711147,-0.084474564871006,-0.0423346222817835,-0.0790641418794693
"Reticulum_18",-0.0383671963873001,-0.0526750575658476,0.0194498747790525,-0.0905097983221288,-0.00288616288998498,0.00251948084352127,0.116885993018593,0.100409703912376,-0.239080045235477,-0.0950913202863329,-0.0244841593668178,-0.0968926476008706,0.314030584604548,0.63462495081108,0.00953606056964198,-0.0118284387027983
"Reticulum_19",0.0117797022929131,0.135862546172217,-0.0494014877092392,0.0464908361851551,-0.191043343940277,-0.0939841352427872,-0.0121669444866083,0.0253718288392648,0.169552444369513,-0.126895800772793,0.22671457305901,0.0339464936081268,-0.165043304070396,-0.201526839939457,-0.111919222734908,-0.0787344672870857
"Reticulum_2",0.00347092222059595,0.238938232552734,-0.00786283122812473,-0.111517739772459,0.129725093366721,-0.109040206695822,0.0886179702151471,-0.118265767253685,0.916116239570808,-0.147349833871036,0.0488235097272382,0.114370957835313,-0.0262464962937765,-0.132978529631041,-0.0241972318773293,-0.00953819183160777
"Reticulum_3",-0.0599507550283069,0.0661715878101714,0.00534901426272628,0.124695253992586,-0.0432455575620644,-0.0189834405473037,-0.0256795417069947,0.00501253725157083,0.0879547046927314,-0.136995666677057,0.00741077568587978,-0.0285307929046292,-0.0550946437552063,-0.0641433146608275,-0.0324712964416414,-0.0570445151469278
"Reticulum_4",-0.0892548908585539,0.0215504765039962,-0.00599541771340779,-0.0251777725905366,-0.123011086139406,-0.0997788151233432,0.125214663574368,-0.0462105047698505,-0.222146450663764,-0.126286254614741,0.0332397481374724,-0.0555939097258403,0.0440453228192693,-0.508121668973495,-0.0514223538329992,-0.00693362489293262
"Reticulum_5",-0.0109226673032531,0.650154252986582,-0.0250816893305439,-0.222445935496563,0.27977220200831,-0.134451630924236,-0.0298809628322812,-0.187895300566738,1.93479874254231,-0.169595550141255,0.0325397369438257,0.228857480417913,-0.0634190487363518,-0.140017793221769,-0.0545490282320261,-0.0556546078942417
"Reticulum_6",-0.0926067065414412,-0.0110057168993402,-0.0101770911117145,0.100739233812224,0.0270628481537619,-0.0860764634547687,0.30987703036705,-0.0181823672103001,-0.139032742611903,-0.0204394997665043,-0.0153091066558783,-0.0381592718643902,-0.128101256589232,-0.21015054118114,-0.017857100318345,0.0605948329445374
"Reticulum_7",-0.0563964528714683,0.00108972547815863,-0.0214203110101759,0.0338240780807151,-0.157715724914426,-0.0828229231617406,0.0695199698345228,-0.0493264429833875,-0.264300815896357,-0.114293325093375,0.0299521168391028,-0.0215476523307958,-0.000112750081286758,-0.461445024821089,0.0301232181021607,0.00882988221021926
"Reticulum_8",-0.0513425406018383,0.697412389945083,-0.055440006924982,-0.259695223619496,0.261833524459865,-0.168334306304913,-0.0362006049716239,-0.20820108334752,1.6745795097204,-0.159715646733476,0.0465064176829209,0.207622453063907,-0.0892556463338193,-0.142634100326,-0.120946125233602,-0.104453057564814
"Reticulum_9",0.013909139449434,0.000197383149559953,-0.0171369512116125,0.0206211397554641,-0.0169353781342251,-0.0794650272732001,0.085163598774779,-0.0412230054052018,-0.243399931661335,-0.0558170876107191,0.0048279562350261,0.033803237287045,-0.063121633637069,-0.361208070238315,0.0205697646433622,0.0629412198206951
"Rumen_0",-0.00397207459771389,0.174048536134711,0.00343261462019314,-0.194245845496289,0.0608156840066395,-0.0943153472694927,0.038196953942035,-0.115229577333995,0.599401563316856,-0.178405370370751,0.0207554536018253,0.195038412250321,-0.0777453491086898,-0.126901272868979,-0.0192775455910915,-0.0224239829918827
"Rumen_1",-0.0215051185972501,0.0100088413646,0.0123307864794223,0.22637843685484,-0.0768672570516577,-0.0199574862595169,-0.019384308529758,0.000821936075773599,0.0446940182237483,-0.0789353451012174,0.0862543082217083,-0.0966082596866626,-0.0493587935269577,-0.176293055767611,-0.0464170512959089,-0.0669195536428869
"Rumen_10",-0.0176677341155586,0.58087202606875,-0.0689200616647193,-0.328585015638068,-0.100180585878202,-0.136885591961763,0.136417570912327,0.110152934965447,0.927149263821725,0.105394243817839,0.189808631334195,0.498342990484413,-0.175640131359148,-0.251849710010912,-0.0450632915852231,0.0195268121312454
"Rumen_11",-0.131002306541019,-0.119857277345997,0.0193483748929753,-0.166607276241292,0.0275834338620186,-0.0879835065123303,-0.122516726061623,-0.111230878522113,-0.356586920640923,-0.0867298613680269,-0.106110376526473,-0.149365293436573,0.00769792856979275,-0.0919303994388728,-0.0174027076750956,-0.0862795380476266
"Rumen_12",-0.1132761999374,0.0654089835645957,-0.0161860754959253,-0.121978892720325,-0.0445903902785349,-0.114561524334151,0.00257331879069678,-0.164194500618935,-0.0151080960067575,-0.158813445061768,-0.0359266632876254,0.0798542144469024,-0.0823465577170262,-0.208631660562657,-0.0894217226438255,-0.0122660597096605
"Rumen_13",-0.025437334576329,0.320763360953955,-0.00320274190591804,-0.183107917154732,0.346425968452052,-0.102394531394378,-0.0691667852778252,-0.153915148506867,0.658812691986067,-0.0104061175782904,-0.0838935737082683,0.138598259711208,-0.0133064135464791,-0.0815157819378008,0.00327664825269462,-0.105745921144358
"Rumen_14",-0.017948717646223,-0.0657961897626549,-0.0183607530983857,-0.0986793721770258,0.0262631525545368,-0.105941941049802,0.0213911145919575,-0.0862070594730051,-0.250288411642748,-0.0638598708213379,-0.043367997030815,0.00563728068823008,-0.103762634727314,-0.340015843172302,0.00766280334434558,0.0998058807509297
"Rumen_15",0.0334788392409706,0.0811752482301449,-0.00428622489832538,-0.0263243055239557,0.0786226026018148,-0.1286230491141,0.0600739552342869,-0.0511826730136058,0.904733631102481,-0.0517921295147971,0.0201935179766381,0.0430298501970678,0.0079013186020641,-0.115176121301931,-0.00252414103902537,-0.00578371078344039
"Rumen_16",0.324748140526447,0.160479489232435,0.0575481984840447,-0.119907715725179,0.0894342092477018,0.0494522905206356,0.214583509739392,0.356254026552503,0.994858300099381,0.198866931103921,0.119773583059284,-0.0856760393086939,0.296497996547251,0.304722331731598,0.191967045756454,0.0936880583303906
"Rumen_17",-0.216654320336725,-0.104239055994084,-0.0125356412332111,-0.0942062580964543,-0.0718164452845554,-0.144483645234726,-0.0961402229287433,-0.0451526933918675,-0.00433989842522593,-0.067765194021623,-0.0799996826840398,0.0491026293288076,-0.0214916560693135,-0.320888938359543,-0.148383131842854,-0.0875599231011011
"Rumen_18",0.0350187361603754,0.168597002663686,0.00484862890271226,0.0828471093499911,-0.0150483987314475,-0.0763434190046423,0.0493447214979758,-0.0263400413811174,1.4778424006589,-0.0531013290512706,0.110352281592226,-0.00272031117363024,-0.0517343093247214,-0.155089043949798,-0.0319645605763828,-0.0334646145757182
"Rumen_2",-0.0977262108210218,-0.062273998799077,-0.00194753990646349,0.0135898090266335,-0.0853661388658968,-0.0645091487215885,0.0444234366076101,-0.0746877275842163,-0.284369693501569,-0.088488347045059,0.0102007430060141,-0.0910230731679831,-0.0642465769544541,-0.503798830947318,0.0392593515481989,-0.0693138163548074
"Rumen_3",-0.122341861233915,-0.116768530351538,0.00227016830427278,-0.0172362662933699,0.330387199808026,-0.0695451694319787,0.177447024085004,0.00860667078355234,-0.27995048673608,-0.0815646842459598,-0.00231752782988566,-0.0169667537240992,-0.108623273485713,-0.167825984254828,0.0474180658168834,0.115352774763938
"Rumen_4",-0.0650143901229736,0.0650007286135068,-0.0232693574209024,-0.0632098291863182,-0.161112630668299,-0.121934877504467,0.160680085565815,-0.0198236538937591,-0.142177933532782,-0.135935291499739,0.0713904370607277,0.0110670902556792,-0.0184460600072875,-0.560016011112252,-0.0345079390423082,0.013243075347576
"Rumen_5",-0.0886681302997442,-0.0618607274914045,-0.00774702853161735,0.188177822520049,0.270251586623169,-0.0981558035801856,0.270948364178923,0.0264755466757933,-0.112716635275706,-0.0381142371722618,0.0250567355864191,-0.0457685085531374,-0.149040854299733,-0.190902629285989,0.0191364091076865,0.110059853313864
"Rumen_6",-0.0245021253612309,0.508721598238142,-0.0576359474627097,-0.261209872284591,0.0288013201436687,-0.149089774213761,-0.0190029074607158,-0.112791231281335,1.26985532077815,-0.0677380417012413,0.0757715566155963,0.287089915001361,-0.124358191112151,-0.189132991549435,-0.0765445102514051,-0.0305475303311617
"Rumen_7",0.0160414480033238,0.448148194407175,0.00101356038228822,-0.203284408691021,0.163531594120615,-0.119652827709292,-0.012991690572731,-0.151769445846195,1.86163992760211,-0.17001018689197,0.0288738743182769,0.244561639574416,-0.0604270612408001,-0.131936118009832,-0.0100978589667702,-0.0206152243016053
"Rumen_8",-0.035643789938648,0.00878578631133732,0.0018746796967597,0.180030327153567,-0.097140948634947,0.0151264168563023,-0.0182073026250587,0.0550513485618393,0.0020468686411324,-0.102949123925062,0.0232665506014683,-0.0759696373756539,-0.0649540148520132,-0.0291297767514629,-0.0500799003836784,-0.059560624782899
"Rumen_9",-0.0597894432159844,-0.0229487463976592,-0.0127231766377526,-0.000110933030182395,-0.151849030378953,-0.0935646080233321,0.0166335139036068,-0.051019380753113,-0.276835493392315,-0.0987658956479304,0.0169121722743196,-0.0142581736566627,-0.0807504508147964,-0.440969922303219,0.0314010123807717,0.0718315208919472
