"","an1","an2","an3","an4","an5","an6","an7","an8","an9","an10","an11","an12","an13","an14","an15","an16","an17","an18","an19"
"Abomasum_0",0.179869801217634,0.120977816228036,-0.115348355880956,0.0722942034672638,0.142000695478914,0.0449930048903623,-0.239197975550559,-0.214859869030388,-0.0917358665457604,0.102995183087709,0.632616412352982,0.52404411243543,-0.339171238943983,0.335533225467344,0.271554858459697,-0.214859869030388,0.642561907591143,0.7365967974633,-0.103003640926853
"Abomasum_1",0.0490174068947082,0.0884732533884833,-0.107928974165351,-0.03609926075108,0.0123588029432828,0.134664948452473,-0.296784260011935,-0.243309771896732,-0.127511295256408,0.0047473713749017,0.330339472256265,0.185347755673431,-0.342144142488248,0.185547699260891,0.242365728171271,-0.243309771896732,0.293494906157039,0.361064668626071,-0.121483603776591
"Abomasum_10",-0.0881958728064789,-0.0738732324461106,-0.104985709994518,0.035467016051339,-0.095415944862732,-0.00346816370169296,0.018830432763833,-0.00099320948739257,-0.0929666672720585,-0.0752660857477915,0.0140439987567041,0.0522364725966082,-0.103611249868268,-0.0855639484024796,-0.172527001318191,-0.000993209487392576,0.0221026538545772,0.0320788750679278,-0.0978966014004527
"Abomasum_11",0.105700588050761,0.438416549781101,0.411951546526848,0.0952696483511296,0.259316910923434,-0.136266292132515,0.0324767138537834,-0.029351141590787,-0.253123725814496,0.310892153933419,0.10323076115906,-0.0369899018739949,0.252478331853623,0.0399303672212653,0.108235976025206,-0.029351141590787,0.0721361873003454,0.0300278002668292,-0.100414629168472
"Abomasum_12",0.287520325971198,-0.0219494659411003,-0.0454798790078008,-0.0800245201908098,0.148910747923742,0.339350987542893,0.0324341156155762,-0.0386511917038051,-0.267880163622466,0.364199347739605,0.687876521115808,1.71120357252229,0.728468975849425,0.577440175886072,0.578409612082263,-0.0386511917038051,0.803595410008653,0.982793553862777,-0.0898570651866985
"Abomasum_13",0.0161190106414222,0.218695849152827,0.586384233423111,0.175799561188444,0.135407628375123,-0.111396618122479,0.0292626120357111,-0.0867552802865319,-0.282413684592046,0.190362764657445,0.169221753456169,-0.0757261257978542,0.520361426268968,-0.0983649964838668,0.182326706693445,-0.0867552802865319,0.132796650940959,0.134654415067265,0.0510691146723933
"Abomasum_14",-0.0844685281469791,-0.020729365365469,-0.0694006459222584,-0.225542970383842,-0.0597455726833699,-0.0614056440653414,0.139069581774517,-0.119595322357992,-0.41844360850114,-0.0191139822022853,-0.0370647195406783,-0.0909641736330537,-0.362000138346569,-0.133891239801319,-0.093184892195438,-0.119595322357992,-0.0528331761618732,-0.0862565715867334,-0.172299661053889
"Abomasum_15",-0.144157168687596,0.00404719971085539,-0.00361707561033944,0.0784063930178115,0.268305023674906,-0.141177336773173,0.130473638533945,0.0571007492375856,-0.167958835390433,0.108422272965847,-0.260852970694672,-0.29374381883679,-0.269753055071476,0.0738595719236219,-0.205361193168463,0.0571007492375856,-0.271893038786099,-0.278336907667495,-0.11532104441249
"Abomasum_16",0.0640471968747323,0.34206006523902,0.797682276826238,0.0796107555972072,0.0307558408852897,-0.188200676644805,-0.0176866821904526,-0.0443842673204486,-0.260415610861407,0.0430257874920381,0.0905882641083202,-0.0250618496719486,-0.0686308064418781,-0.0397151651276424,0.178854072026414,-0.0443842673204486,0.0746329003200812,0.0597034408777387,-0.0316487927713881
"Abomasum_17",0.103310594081402,-0.0317850459004159,-0.0241293252714937,-0.0233286321727577,0.0239116583817979,0.0647489005691246,0.0404282583502213,0.0703493878263733,-0.0800140181580981,0.0144860086350112,-0.132107079691998,0.520995169845189,0.119723209771305,0.136058783468795,0.101610103520072,0.0703493878263733,0.00494115577431934,0.0173564005941803,-0.071650534309286
"Abomasum_18",0.0194552187588437,0.768574683413107,1.04680662432993,0.146374194256469,0.3823024067228,-0.133659165694123,0.0225945242122792,-0.0929117579298403,-0.181218267702849,0.535643596562554,0.136752218545286,-0.00605393320329555,0.463322036136051,-0.0664732125338227,0.0250150496493436,-0.0929117579298403,0.168181409623604,0.108813690198335,0.016673702421281
"Abomasum_19",-0.0158846093356587,-0.0181209475471744,0.00775795775601326,0.0146169729881119,0.0312262873639928,-0.0690482415787647,0.137415728607244,0.0684324325025945,-0.28471417273622,-0.000513683529001352,-0.00426085512164529,-0.153976652975889,-0.232435349545129,0.0365335364300669,0.0289783935344456,0.0684324325025945,-0.0676894099261778,-0.031295615575386,-0.123856244490368
"Abomasum_2",0.0017189052777841,0.0435235782419935,0.00957603995182464,0.00227098294790025,0.0654426864722266,-0.126221143089587,0.147553193008282,0.0690788123537632,-0.323794932179838,0.0476067082685483,0.0968484695097113,-0.069078939661794,-0.184971023821077,0.0660733316754292,0.0856207768273778,0.0690788123537632,0.0166316927923082,0.0355814147992486,-0.141035321190451
"Abomasum_20",-0.133460703521559,-0.0838703540384917,-0.0795440211792133,-0.152999320710993,0.219023053999935,-0.163266965421644,-0.0650810907835036,-0.325579746729336,-0.281642007333302,-0.0460930693778618,-0.0363118206753775,-0.0878623127107525,-0.399245290779407,-0.115762448976796,-0.100228428094778,-0.325579746729336,-0.0498657249408572,-0.0284157885145931,-0.108573063372451
"Abomasum_21",0.348268711210987,0.236891975420218,0.139348606915156,0.0865161766887067,0.128197797624844,0.0228373183890916,0.0295770237080428,-0.0295489064939692,-0.119093768779562,0.238846709624544,0.341557093185351,0.641238986289164,-0.0342843577410577,0.162191556508624,0.157981517747874,-0.0295489064939693,0.392347587884581,0.405925829811816,-0.122718181081559
"Abomasum_3",-0.0422430533809287,0.00114287289647934,0.00442320396340098,-0.0366882657995305,-0.0478971285259758,-0.10149347302332,0.10889137366248,0.0370131353599187,-0.183062927463062,-0.0328950279834555,-0.065141424564102,-0.134359718678265,-0.264392078042355,0.198975098037807,0.0200614803337474,0.0370131353599187,-0.0868628463218935,-0.0833153857996962,-0.122826109166618
"Abomasum_4",0.167666464812848,0.05140824216054,-0.19993737460216,0.101505683290304,0.10691129126371,0.281382630810432,-0.27848711112789,-0.249639302981992,-0.170076285966834,0.109104392624607,0.714600230883135,0.461831399686786,-0.327012233225973,0.0128721014564167,0.186537667218283,-0.249639302981992,0.706616897022736,0.78921202557696,-0.114936705458792
"Abomasum_5",0.023599814975676,-0.0321696970838993,0.00612523334658836,0.0262688538043305,0.086565517154412,-0.0745760100450336,0.130699449399252,0.0776233746131485,-0.274986562551397,0.0414511550262869,0.166904514512239,0.149057282103481,-0.307259917196569,0.0955192340678441,-0.00554537784811722,0.0776233746131485,0.179183479922812,0.224592788972851,-0.134972575120764
"Abomasum_6",-0.0779683591115699,-0.0153186414121499,0.0111503540139444,-0.0307850637552902,-0.0983599316097787,-0.0939157947098174,0.125965413748363,0.066683272329852,-0.274285988656362,-0.0821395207488413,-0.178859686145755,-0.247615330493809,-0.368787023772241,0.150479254378275,-0.047926426381469,0.066683272329852,-0.179822753880733,-0.182147277381588,-0.128569973098444
"Abomasum_7",0.0100668452798543,0.0352210006131739,-0.058067022496027,0.176480276375666,0.0176578992819541,-0.0476277173383119,-0.0605434617678892,-0.0166792256259595,-0.0801459204640329,0.104205645762789,0.229437249873336,-0.107314223667676,-0.139731005044852,-0.0548276139609977,0.198762611650463,-0.0166792256259595,0.240000726008388,0.214010770116462,0.0527240259825063
"Abomasum_8",-0.0981952367967771,-0.0914501316201353,0.066876091736597,0.0141871606530603,-0.0831584958130959,-0.170483318157736,0.0441541308430096,0.0236441721468328,-0.0523569596197722,-0.105970864855898,-0.0826706543892265,-0.075285040619701,-0.232085628494045,0.0212848229422609,-0.110491297268099,0.0236441721468328,-0.162838395978318,-0.14858884214103,-0.086709264082492
"Abomasum_9",0.0609949093508952,-0.0604915943351386,-0.0126393016222237,0.0481857381833305,-0.0503577757898057,-0.146270861121223,0.136666433161623,0.0845853535815422,-0.215618649188711,0.0370797077505648,0.309740896076013,0.188628880151681,-0.365091399756901,0.0593297442712603,-0.16531598853206,0.0845853535815422,0.285623331320042,0.286188205775688,-0.0925793071927287
"Cecum_0",-0.0922983763843372,-0.128639088167637,-0.0512771776418544,-0.0640038088263172,-0.0777632325419125,-0.186363826240913,-0.106487324247392,-0.0139418013137915,0.083476561732161,-0.124707922532419,-0.0456250747424884,0.0690032542624779,0.0198392408252424,-0.0590808761049998,-0.141882639817358,-0.0139418013137915,-0.0763707033187046,-0.0674990099741246,-0.0176843429091757
"Cecum_1",-0.066288250303264,-0.153376690532273,-0.0633367289016646,-0.0956472399454503,-0.128079012756296,-0.190727844398047,-0.0936119896586297,-0.0290050615297188,0.121446929196525,-0.123978576061288,0.0125775930341325,0.147546013603899,-0.20614137295847,-0.0355889122787012,-0.059529207828034,-0.0290050615297188,-0.028462383501885,-0.0105576919620951,0.00355490973705784
"Cecum_10",0.00846171744368449,-0.109480823005321,-0.0314017403594958,-0.0305640857631712,0.0240506099367264,1.35938917812375,-0.0670940377083099,0.0129313484692912,0.0551244172940382,0.0262771593915508,-0.176861385682404,0.766874434781703,0.0142800591421644,0.080564661677969,0.0600560040609644,0.0129313484692912,-0.0267782677542576,-0.0306558374950662,-0.0468421939222951
"Cecum_11",-0.121672289657011,0.0180413127596698,-0.0219276881979776,0.0398908923518316,0.283480058543892,-0.0277731437511522,0.0404110458653556,0.0157918555930386,-0.0428159254128805,0.0492944157245647,-0.169770086819033,-0.205344170248347,-0.156630003930112,-0.287552868166121,-0.175937539987766,0.0157918555930386,-0.139407197545111,-0.182472229351575,-0.0741984861724621
"Cecum_12",0.0590671849328931,0.00102393811878519,-0.0613717707371311,0.234895589731097,0.0755705763100961,0.0205172641704776,-0.0853799507327578,0.00471746980432153,0.0552214313857713,0.210006498366142,0.319386697395118,0.0252518354370985,0.107097082710763,-0.0977279461518642,0.164443093937678,0.00471746980432152,0.364019541108589,0.359115235377825,0.0870240646537345
"Cecum_13",0.0894529049740802,-0.115563107658996,-0.0485008170651283,0.243877309947491,-0.0202094614101753,0.0865889882392709,-0.0790138416386527,-0.0426771301281061,0.218974486774874,0.0794533411055216,0.550634869378441,0.559128437724836,0.0256896615967159,-0.204127129238629,0.0477326294960343,-0.0426771301281061,0.522843028068602,0.562226409725544,0.0580490237047561
"Cecum_14",0.277849823531695,1.01030923802532,0.0828301065594809,0.245558263204336,0.395138257734405,-0.0830401635365768,-0.0214132583771205,-0.0378448813745422,-0.265195152663502,0.548948670516887,0.622978060006215,0.444363824262412,0.379783354209253,-0.012708184289473,0.136015198814744,-0.0378448813745422,0.602289498178355,0.6163989453512,-0.0301375601879345
"Cecum_15",0.386519612752695,1.2152808278715,1.68594299214221,0.287908572896436,0.60215986178558,-0.150426778442385,-0.133369440732766,-0.146028102151846,-0.192865966676172,0.611536458562932,0.526295102209511,0.409160358127197,1.14283955526218,-0.0466599581302633,0.168960475639825,-0.146028102151846,0.576872027019518,0.555335234851744,0.100456538220718
"Cecum_16",0.142092478940988,0.852615323005666,1.00897924466775,0.206429021692292,0.333957214077238,-0.062887613223579,-0.113520386467207,-0.173560128399742,-0.0515951141196328,0.518781845213001,0.391305389971013,0.293064727733681,0.857815287810185,0.0227982038406074,0.0270229080016135,-0.173560128399742,0.439145899916098,0.387748791538656,0.27389934404617
"Cecum_17",0.186867860282147,0.419446920202509,0.770392737172131,0.288715330043029,0.277560994613649,-0.046500017341675,-0.00944112070399402,-0.118505931825585,-0.202733976597283,0.436138006865597,0.490045857941719,0.0904831394934187,0.861930941611804,-0.144519163088964,0.3482354094531,-0.118505931825585,0.453323513335122,0.441542525044111,0.0881475412573065
"Cecum_18",0.103642489794377,-0.11571626129323,-0.0372916801385508,-0.0877631590182229,-0.00338263636448382,0.165169038643014,0.01807922528952,0.0183770299987428,-0.0206104128773161,-0.0359893421341963,0.0608585915924875,-0.00019403325624951,-0.163832252215606,0.205333576996149,-0.089741517701352,0.0183770299987428,-0.00182902471962151,0.0317949010385993,-0.0241095170500687
"Cecum_19",0.0437176829983671,-0.0567531448157112,-0.0314489826377721,0.0967826663178359,-0.00367025588915379,-0.142300804855661,-0.0636487079425986,-0.0631953526842546,0.109539139372164,-0.0183717886219394,0.310292781134139,0.447508335481857,-0.10776491627874,-0.0647481037915384,-0.00464833889298199,-0.0631953526842546,0.222578260843216,0.244857665011193,0.0278363612469902
"Cecum_2",-0.0763591039696821,-0.17969179393351,-0.0752833823584665,-0.0809495844441083,-0.0886257221934175,-0.21201737435714,-0.109057526508801,-0.00461244417189834,0.109273416219841,-0.105409985402493,-0.0191596971218045,0.108309775132427,0.0309158196140897,-0.0361336883353071,-0.146830242834324,-0.00461244417189835,-0.0323650440861756,-0.0208412231450938,-0.00542140468497106
"Cecum_20",0.330573975050618,-0.162800226113834,-0.181853071889219,0.371365368705213,-0.0619277478916327,0.114474770629892,-0.00763559157179784,-0.00481713744194561,0.31099406403598,0.280701684236514,1.27108216932417,1.26302203605916,0.237779333974221,-0.166351254922245,-0.0227340535330051,-0.00481713744194561,1.34624873452986,1.40657450568236,0.10628635941455
"Cecum_21",0.395304686064944,-0.0887488572840994,-0.0668074650506617,0.264438888635655,-0.00214373584528724,-0.0781336836812889,0.0638109499058254,0.0328951494968272,-0.00302628518743636,0.306203359671158,1.31320950001522,0.948973506900873,0.162463179050561,-0.0370330336114444,-0.041007485990727,0.0328951494968272,1.37637398754156,1.39526546152835,0.0260599580345883
"Cecum_3",-0.157820846289992,-0.140531319390372,-0.0504260913579873,-0.0886045972262185,-0.145484142854986,-0.120762254490635,-0.0449660651820842,0.0140807998662925,0.214904106932032,-0.190513868373874,-0.261502464624665,-0.247859091705126,-0.307616440236023,-0.0244479023189542,-0.231219320868565,0.0140807998662925,-0.274659256996429,-0.27839525299462,-0.0128538321613359
"Cecum_4",-0.0995785357434723,-0.0174017040261658,-0.100304784278045,-0.0347068973119792,-0.0939067220865338,-0.160892306549549,-0.098555469933094,-0.00932968113797478,0.073874109459205,-0.0911487595224116,-0.0218711771500083,0.0938939838860646,0.0531478483559524,-0.0945118346225815,-0.170624986062113,-0.00932968113797478,0.00381695903619438,0.00418304217582136,-0.0582615741855107
"Cecum_5",-0.0661601352805043,-0.0918525201811996,-0.0506583521919287,-0.0681510358550381,0.0158591640991948,-0.193806426774227,-0.116247204869007,-0.0270075810910037,0.151924343773487,-0.0827576155135365,0.156618955086122,0.140329917748325,0.219852557472773,-0.0524278403193369,-0.120678036327952,-0.0270075810910037,0.0137096768034243,0.00988496076063145,0.0342770697571879
"Cecum_6",0.0423399881590868,-0.0701875321247371,-0.0535157172840208,0.0145903399217941,-0.0786294469541838,-0.0705132777437144,0.0608154989822582,0.0340159609518287,0.0230505316716779,-0.00390744598528944,0.245752732907238,0.262954346310839,-0.305411876982158,0.00773265349184621,-0.165240253120372,0.0340159609518287,0.231577871184375,0.223772961787058,-0.025076848756299
"Cecum_7",0.298222117984342,-0.141090357204938,-0.103133597549817,-0.120863589781265,0.130108600348346,1.41395365651344,-0.075510296936609,-0.125049928955683,0.302168264265832,0.0733539051988941,0.547087150582551,0.169653302122061,-0.0959279882182059,0.112661288647399,0.0747326267488163,-0.125049928955683,0.512793319528711,0.576416163501643,0.0366885843946339
"Cecum_8",0.0913014752250286,-0.00436592119981119,-0.037748911418506,0.140336430941568,0.0600538070236534,-0.0599740629836964,0.00713113276001655,0.0210592210557886,0.237191379428202,0.156608280497777,0.266976855259196,0.861395577254705,0.407169557005371,0.0413615505104664,0.0765438792568759,0.0210592210557886,0.397815898081398,0.3961786773891,0.0519165164067554
"Cecum_9",0.229628579283446,0.123099348458339,0.0458248841262069,0.0865111804774299,0.156911803672944,0.111808239106564,0.00662112166243767,0.0164897546845233,-0.0523415531780561,0.165703515799326,0.295030249012149,0.632719966328293,0.498507079581699,0.0420321663173578,0.0421028521488513,0.0164897546845233,0.487563186431911,0.459368553039047,0.070017344862817
"Colon_0",-0.107208945063782,-0.176131110197575,-0.0775781936601799,-0.10587864222558,-0.121118661587186,-0.215659260471604,-0.119526071008587,0.000297487920114205,0.110932047088593,-0.137361585857254,-0.0794611570486765,0.0368721131213892,-0.0339350915739837,-0.0207685548122075,-0.158059523370309,0.0002974879201142,-0.0920235592027446,-0.0857225733367967,0.00511397946237479
"Colon_1",-0.110169511904545,-0.140337703895718,-0.0516588215406902,-0.0857489071557369,-0.0946823122541345,-0.200964185452068,-0.111618035495503,-0.0198972875728006,0.075085729606068,-0.136742002449885,-0.0702770027737906,0.0193282554971106,0.0343831501375937,-0.0293031179924943,-0.16546163211239,-0.0198972875728006,-0.109252839269654,-0.0980297106042782,-0.0162082345626845
"Colon_10",0.148510048553769,-0.131465422191084,-0.00103879909652449,-0.0870321489786171,-0.0232263873862322,0.271038014399581,0.042080865278457,0.00639990246528155,-0.142971711606279,-0.0228836207953849,0.156644041466643,-0.0629984164316794,-0.293987180954269,0.3795314304697,-0.0324996658212323,0.00639990246528156,0.106188560550879,0.128941126080871,-0.0630713808213915
"Colon_11",0.0821818551070432,0.741483358728355,1.43957221353566,0.0447293302817091,0.157404138172736,-0.12125736544331,-0.0564135286374663,-0.06642904401609,-0.112613449330744,0.220111226807694,0.0933751160104186,-0.0726644595884347,0.0971206437481588,-0.0693815747808617,-0.00408441366904527,-0.06642904401609,0.111876635406011,0.0790333368939637,0.133101410986684
"Colon_12",0.0582520527625059,0.000830380196249615,-0.0529056541159447,0.178365502896066,0.0430851228479842,-0.0182343634375454,0.0495549426272368,0.0507849807481154,0.00750689491375515,0.122208392619424,0.197975555725211,0.617961466910156,0.452444727243195,0.107163843156019,-0.016886988821667,0.0507849807481154,0.252684662686694,0.260061088925187,0.0106350203034818
"Colon_13",-0.185543568879667,-0.170661900825337,-0.101075866977026,-0.121723911717956,-0.158589132184165,-0.133134177019643,-0.0639052335120016,-0.0309472333769162,0.154500763470691,-0.235057145263561,-0.278918303572653,-0.383689020814183,-0.360131739004825,0.087992699050824,-0.283582736402187,-0.0309472333769162,-0.364630980176746,-0.373185620469742,-0.0317328956857054
"Colon_14",-0.195996582753021,-0.217255755697923,-0.0894407132700284,-0.129856584631422,0.108427423971118,-0.132352082238558,0.0706673692404962,-0.192434848815674,-0.246312376625166,-0.212484475559315,-0.399546170889043,-0.532368042777596,-0.484430505888913,0.130298171559895,-0.234574978320821,-0.192434848815674,-0.427132186449126,-0.418943426164584,-0.0951255634901856
"Colon_15",0.0823209539239485,0.195175225935198,0.230795472048572,0.227650720997293,0.0738589015547263,-0.0216880614709762,0.00431446490692193,-0.0216735905265042,-0.136337762299926,0.233739128754561,0.337908669268331,-0.133635709115966,0.166003087494247,-0.0609685239802616,0.199387319084942,-0.0216735905265042,0.362133930993702,0.324258997351894,0.0451407896331194
"Colon_16",-0.064784477442491,0.0982913464195681,0.0153858589716528,0.17762317041342,0.451263090063726,-0.0882125162469814,0.0673009076907702,0.0981896425629484,-0.267156962885243,0.200508510951577,0.0281630039845874,-0.110140960637423,0.199945533017962,-0.0945735841131305,-0.0849920037912721,0.0981896425629484,0.047665631483633,-0.0209605830536391,-0.0764736884065713
"Colon_17",0.16364102887016,0.0329185813963983,0.134140024507491,0.113734023914308,0.0220816752621286,0.237750917958492,-0.0617607901708577,-0.0348833922683835,0.0159476258819145,0.156444919276709,0.671142382622616,0.518043932933772,0.104866384613642,-0.120379276073314,0.0885959919143771,-0.0348833922683835,0.584695212704318,0.641932287328692,-0.041803492460035
"Colon_18",0.365070316314514,-0.162428835441489,0.00912580555117571,-0.100782937513685,0.0837383554894637,0.399713116493335,0.0990995877390262,0.0914620430893373,-0.115208789815206,-0.000326373517321815,-0.341821179016506,1.25087694364168,0.459549696271801,-0.00232956803317072,0.380126145703569,0.0914620430893373,-0.0284706521250061,-0.0232506019126183,-0.0925066693978755
"Colon_2",-0.100720977489163,-0.155604805685652,-0.0559516072014686,-0.0749141228952277,-0.156423693501035,-0.220428287605994,-0.0865527192901819,-0.0251795826958447,0.132683929912999,-0.158344660309812,-0.067566870685713,0.0415157100827185,-0.270185024405932,-0.0607566024631045,-0.0725695911430148,-0.0251795826958447,-0.0918848305917051,-0.0811442814544141,0.00369487203222708
"Colon_3",-0.172664811793688,-0.176040224917246,-0.0490270364337284,-0.0659412348858401,-0.166338734226426,-0.104660685155329,-0.0340384307393002,0.0281023265378923,0.189973975885366,-0.207324732807242,-0.304981926348011,-0.337110494872354,-0.372046161279795,0.0659935216721527,-0.230587025242444,0.0281023265378923,-0.3305410159456,-0.335519896348048,-0.0256729106784892
"Colon_4",-0.0716230502751403,-0.11737818645771,-0.106369049663145,-0.0871776527251798,0.0111927739358735,-0.211406909107442,-0.12636370656388,-0.0190975832544305,0.198166664722858,-0.0854268790574,0.161017701461776,0.0807665771066605,0.318254687175593,-0.0106974490705008,-0.131227335115571,-0.0190975832544305,-0.00115955169043862,-0.00229257774551595,0.0316928904183643
"Colon_5",-0.0688910914776393,0.0750600947775211,-0.0901085830449522,-0.0227709363054447,-0.0405242999221191,-0.20640499024335,-0.083140870144674,0.01761741055991,-0.018480747835201,-0.0486170341933342,0.0424460457674949,0.0881127676818294,0.168130236365679,-0.0840088606549333,-0.140313210622401,0.01761741055991,0.0396757155155356,0.0329721335873387,-0.0618337700463719
"Colon_6",0.0573807359428015,-0.0469511701484893,-0.0279694907897472,0.0230442496900983,-0.0595168092555201,-0.149082228669252,0.0703824093381119,0.0418342365762565,-0.12313837901704,0.0214514820687417,0.304404898570154,0.231187719540052,-0.246503428567068,-0.00834236451534119,-0.13889570057243,0.0418342365762565,0.262555121920426,0.249471337792387,-0.0306092086408186
"Colon_7",0.258079828756515,0.131015705841816,0.0488227863759737,0.0479278222997728,0.146276876582998,0.0279846499297851,0.0700890036595016,0.0661051076181984,-0.118458218739589,0.140421069364551,0.253090569126989,0.237798662921033,0.459454777176286,0.0787703439717441,-0.0365647873605563,0.0661051076181984,0.348311693270746,0.367694093233152,0.0495451618460179
"Colon_8",0.0316804019538818,-0.11468070063273,-0.175465017508111,0.352923480105201,-0.151683703730503,0.632532575472917,-0.0542747878450312,-0.0290644103760105,0.0386472923452424,-0.0346384947839582,0.367874755338894,0.291944009926053,-0.360645677595583,-0.233517497849889,-0.0939527775881227,-0.0290644103760105,0.446816979724038,0.443196020000061,-0.0214772181117447
"Colon_9",0.307250261892834,-0.112484140650693,-0.120299706380972,-0.15339589127647,0.107264370695143,0.857166051884114,-0.0855225618206648,-0.133359087961899,0.151786059338459,0.123253186553628,0.620348034412679,0.210531060652544,0.0156077114805201,0.147842880737271,0.135605456702593,-0.133359087961899,0.603167007708843,0.657584199170818,0.0339900661780925
"Duodenum_0",0.0878422122112795,-0.0727097260311642,-0.0355590102365875,-0.0362779607030702,-0.0762668178606272,-0.10857905390787,0.0901603811778668,0.0346510770757937,-0.0825480161601475,-0.00299666509091025,0.227794431293881,0.209930844193477,-0.384791838167569,-0.0167956513451117,-0.148694101632658,0.0346510770757937,0.201281657689411,0.197366323711758,-0.0656956121915971
"Duodenum_1",-0.0389585951375416,-0.107945598723082,-0.0416394117302104,-0.0526211639954335,-0.0809631867946916,-0.208749574445884,0.00747660829443653,0.0123697517071378,-0.0727962523730701,-0.0817923078458417,0.0309835767950089,0.15119573854068,-0.166961927111421,-0.0100486437173787,-0.0580366667992972,0.0123697517071378,-0.0146873131384035,-0.00310682049414122,-0.0479282489925652
"Duodenum_10",0.089950725086992,0.0484224268732127,-0.0473961277776205,0.0505518096943703,0.0292445653958498,-0.14934774291792,0.0154690936183517,0.0139549815688251,0.0869829200477123,0.0912017397366502,0.0716945729274397,1.0486507423102,0.360541069307497,-0.0313604266359998,-0.0838341146934818,0.0139549815688251,0.229264785694638,0.21470424027565,0.00484844657005879
"Duodenum_11",0.151002418927123,-0.077896028168712,-0.00679795169623383,-0.0625962672542549,0.0892903887135715,0.0269415867240593,0.12980745571193,0.0402174112461606,-0.10929010497671,-0.00381087443852994,0.150887476872204,-0.0649576348464594,-0.335234411318179,0.0768515963530969,-0.0742693711911473,0.0402174112461606,0.0838634255435982,0.112994498572327,-0.0594184589950832
"Duodenum_12",0.0893480532285297,0.071191773900164,-0.0537719564063127,-0.174743934454391,-0.0536451422120394,0.634237443920637,-0.0755320514642261,-0.176659576086794,0.506505179932846,-0.01950684052772,0.240815852895595,-0.00467091937894648,-0.247006900750114,0.129138446987459,-0.184720558271225,-0.176659576086794,0.22554350864841,0.220005737280741,0.0824790802261122
"Duodenum_13",0.280122470130055,-0.0254272220827477,-0.174063850884152,-0.0466980120956822,0.21512993864585,0.356462386535558,-0.156218590399891,-0.239044721693869,0.266266824463138,0.0852152649976129,0.728109962253682,0.173290456526435,-0.252321716547602,-0.159728067630944,0.0513849033300737,-0.239044721693869,0.652995053042538,0.7086006829833,0.0648127023049605
"Duodenum_14",0.142637168611373,0.476653379330685,1.15776978697497,0.0239041183072216,0.362705724126926,-0.189976574862633,0.00561759740213037,-0.0815505067581458,-0.171831809970699,0.396856788913797,0.150982859142642,-0.00837025609971996,0.546345691869615,-0.0772375759650591,-0.00720900409581796,-0.0815505067581458,0.125327998414823,0.106786332853411,0.14471149461655
"Duodenum_15",-0.0389707320460874,-0.134251120535614,-0.121276137780564,-0.0670665447274364,0.00440152954311314,-0.209911714752588,-0.119393827319981,-0.014267090694834,0.105127340178573,-0.0830173333259722,0.18660529186071,0.15068772434764,0.31121041850304,-0.0619694330425878,-0.080260545319399,-0.014267090694834,0.0439333434207092,0.0404300484291708,-0.000489956711850357
"Duodenum_16",0.433490113638675,0.872166584332128,2.31643352249575,0.199305862664274,0.415953133810509,-0.102236090666915,-0.00939528736332194,-0.133284702082122,-0.138344896844818,0.651374569986344,0.465211172721547,0.184607436769933,1.05902757727105,-0.084343000393261,0.426289482693215,-0.133284702082122,0.439719978021916,0.460751745636938,0.165057807455962
"Duodenum_17",0.114431934401999,-0.100874347546852,-0.067770116143467,-0.128766293535476,0.101424766775511,0.561977261569623,-0.0820585101091032,-0.162435395458652,0.152693721053046,-0.041064406995349,0.302620180991275,-0.0668171002959318,-0.287400559266051,-0.0232767418702355,-0.113959703288011,-0.162435395458652,0.253611759591694,0.254565677891214,0.00731695745405107
"Duodenum_18",0.0925204493418804,-0.144048514882285,-0.162015200844502,0.257982183838519,-0.0710838463332416,0.234758501790197,-0.0102276421819744,-0.0408633399296991,0.156190635143484,0.0150204716482627,0.404197770318021,0.511848638312945,-0.248820750271546,-0.255172833706322,-0.0686951723677548,-0.0408633399296991,0.457114087876268,0.446070835568125,-0.000626769970497343
"Duodenum_19",-0.0485950189519267,-0.220738647886369,-0.133762808762199,-0.121955144224906,-0.170513413136729,-0.311504200769895,-0.029710147750365,-0.0689358189076131,-0.104577065675212,-0.179502900305166,-0.294879216138535,-0.486333173734765,-0.377352878626502,2.20696148715923,-0.187671323897703,-0.0689358189076131,-0.426788707100384,-0.398929726962682,-0.0522092483826095
"Duodenum_2",-0.0698998901444289,-0.145267517637259,-0.0624945472654595,-0.0827440199204279,-0.100855478563804,-0.208329820813839,-0.0923910969204652,0.000366133766176515,-0.00663423432942705,-0.127902709123467,-0.0266713963225353,0.0860141915691222,-0.0859908531489899,-0.0341730642177203,-0.129182411084706,0.000366133766176508,-0.0434103788725858,-0.0487268115924722,-0.0186848550515486
"Duodenum_20",0.345613003718179,0.537105749783474,1.08009686359908,0.112117755313861,0.372360662969664,-0.24620966106891,-0.0523472945584288,-0.06576898027447,-0.184317919494706,0.346550892618888,0.240784663482101,0.0710056576624776,0.671712541207384,-0.0803882313033006,0.149759402716813,-0.06576898027447,0.231234020446325,0.206359454605925,0.0163269029650546
"Duodenum_21",0.369966717421148,0.722621754494836,2.04833046922907,0.121621120768153,0.139061818681267,-0.186188515648678,-0.0392850359963805,-0.0443321653051579,-0.102273696542452,0.272996390526449,0.38825502653801,0.336628227901485,0.258490195172415,-0.0734514313715304,0.160957337500722,-0.0443321653051579,0.425724936591251,0.436492796622738,0.0283469139363032
"Duodenum_22",-0.115280816473523,-0.118724504368226,-0.0682264124558462,-0.13009969890518,0.0384332457664586,-0.103883903966603,0.0376872459664434,-0.191528258577618,-0.255642228987693,-0.197798820163184,-0.323508915784086,-0.450412545483416,-0.459139650964863,0.0341434526607225,-0.262216347973462,-0.191528258577618,-0.316623654650025,-0.317933983270562,-0.0662485319445127
"Duodenum_3",0.433208748398703,0.0710073674421863,-0.112859125809343,-0.109115596253279,0.238497517126463,0.410323530755088,-0.155964680111695,-0.236227739939498,0.31143406790241,0.080131530829325,0.657565901157151,0.186608548676923,-0.189315295182927,0.118633818523986,0.093396412465683,-0.236227739939498,0.567277450589949,0.628852649963602,0.0982212274969202
"Duodenum_4",-0.0310014015498371,-0.12565998141558,-0.0416166194772917,-0.0704809475567223,-0.101896322510193,-0.220582903827229,-0.044154410671033,-0.0168704563934622,0.0507436556739578,-0.106477407971773,0.0344796419349271,0.211250115897199,-0.242655581703015,-0.0394292284833313,-0.0355288288266585,-0.0168704563934622,-0.012530559155153,-0.000797913215145584,-0.0230912253721773
"Duodenum_5",0.287686400800363,0.172697904780064,0.0648879126494097,0.0718838423710192,0.0996809861158116,0.0105969681967627,0.0703631495596121,0.0479686755631951,-0.120663233844703,0.105216892085463,0.147638926470469,0.308877761745764,0.391777513923453,0.0569306587551451,-0.068303825891925,0.0479686755631951,0.31430774204908,0.27082383579721,0.0576166868516909
"Duodenum_6",-0.0639046485467107,-0.00653576441951257,-0.0601248622320406,0.0649838524026564,-0.0655332114376883,-0.0968293726212206,-0.0166676112479398,0.0147658433696102,-0.0895107151101993,-0.068643068474849,0.0199529530818522,0.0772267044081433,-0.0531591721719492,-0.0520390839380132,-0.165029924953684,0.0147658433696101,0.0323749110809425,0.0202795163712936,-0.0821457712693077
"Duodenum_7",0.310171319141483,0.0666415221212497,-0.0574292571429403,0.232513855270388,0.0733494289080824,0.0180080598885022,-0.0704914769031491,-0.0200531145391348,0.0693062106356516,0.203678143351589,0.436318820049035,0.0686973042694331,0.00155571206315476,-0.0674081738224491,0.299788744029133,-0.0200531145391348,0.464648248930772,0.442853586825099,0.0771730441772967
"Duodenum_8",-0.123640224480003,-0.015886331827361,0.0221541590719243,-0.000429139525603145,0.175722296558732,-0.0922757504417783,0.0874667629178862,0.0447936590162818,-0.149837422255395,-0.0349040645316435,-0.25856813641682,-0.312684023664245,-0.335799099147941,-0.0674518340960008,-0.21617777750002,0.0447936590162818,-0.242031843128301,-0.276810541634344,-0.0837255686936889
"Duodenum_9",-0.0072885403065543,-0.0905702258418705,-0.0243374785700908,-0.0425946367469641,-0.0836639963964144,-0.117831449285859,0.0994046002193076,0.0550574200086652,-0.0788879295293024,-0.0761905556582323,-0.010965480709278,-0.0821825141043137,-0.35872363972855,-0.0157851768604679,-0.166457335315106,0.0550574200086652,-0.0554256071529701,-0.056719345517908,-0.0631426642991257
"Ileum_0",-0.0810508045508369,-0.131644253922253,-0.0355459286083456,-0.09596623821911,-0.150636496217421,-0.199698565187629,-0.108746118567825,-0.0234065660118353,-0.0260506433200844,-0.159766872371358,-0.0622019399980247,0.0613346129836785,-0.256937311340328,-0.0516748840945293,-0.0472538428054642,-0.0234065660118353,-0.0728482764002504,-0.0804209837808758,-0.0141039666677919
"Ileum_1",-0.0794464396016801,-0.134073245877205,-0.0575283778435246,-0.0785643148328608,-0.0976713602813404,-0.191843247566558,-0.10900126584694,-0.00237784243973041,-0.0213097322663354,-0.132681328400615,-0.0558741240747896,0.0769206090334684,-0.0323049381292533,-0.0421160892356059,-0.110413846638226,-0.00237784243973042,-0.0608564883483569,-0.0723499668140948,-0.00763134931275942
"Ileum_10",-0.0850892971179186,-0.0114203120181868,-0.0914628834657059,0.0646316906433714,-0.0894274763738798,0.0458584082417184,-0.148013444147036,-0.0911715163080596,0.166717900204913,-0.0290967363078269,0.00975105617064748,-0.216382236507299,-0.124181620440279,-0.109932237766952,0.032286272697462,-0.0911715163080596,0.0306216450259971,0.0141101527521645,0.150845108488677
"Ileum_11",0.134451545201203,0.0767937558041931,-0.0817971852076337,-0.169818630129882,0.057840654822206,0.813162597297889,-0.0770199107769582,-0.216069030640822,0.0295930168568889,0.0272551224429183,0.48108026842955,0.177162109284978,-0.255027020494763,0.0380938447877099,0.0653508368357002,-0.216069030640822,0.438193844382371,0.516766539914642,0.00261958844715813
"Ileum_12",-0.133119023358234,-0.152701189383331,-0.102655886944715,-0.0843956455695585,-0.131834691164697,-0.0256584277098729,-0.142318155869515,-0.095292084770327,0.17261120936253,-0.0767053293383281,-0.0908390568549547,-0.256414228798886,-0.306854776553417,-0.135052542689009,0.00832062475789084,-0.0952920847703271,-0.0731257863831356,-0.0710620702544936,0.0976430157112206
"Ileum_13",-0.0373305677958494,0.284305363279431,0.603339343141229,-0.06650448764883,0.222093890916528,-0.139451065553988,-0.0192995809346422,-0.0865502263616657,-0.118450012057966,0.250006459906716,0.0678398329027714,-0.0271640217798062,0.419405553266333,-0.0520374854760762,-0.0871910711032581,-0.0865502263616657,0.0415174087874918,0.0119298870315675,0.274191177568053
"Ileum_14",0.0430015996898126,-0.144189542684218,-0.201672021441895,0.325085939097113,-0.107061184738419,0.465398306378352,-0.0243917802775618,-0.0194756753005359,-0.153791374413455,-0.00633770209227493,0.392058607376209,0.198672099226306,-0.374579858169838,-0.269589656154274,-0.0625548652226295,-0.0194756753005359,0.460980766143887,0.465419498537829,-0.101662281779103
"Ileum_15",-0.214018173413041,-0.113718316219814,-0.0522680190639251,-0.20917981544442,0.0598964748909101,-0.0355410183024136,-0.0337526527069225,-0.339230461760361,-0.184015840640323,-0.223016847288224,-0.333223196708546,-0.4960460656866,-0.490458547704959,-0.120757494131994,-0.333082212714056,-0.339230461760361,-0.343507745229976,-0.323406462313912,-0.0126916596533275
"Ileum_16",-0.101194378217152,-0.00200073186054379,-0.0949649551790589,-0.0523073704726898,-0.156021591690741,0.0149848474482975,-0.0520082784887354,-0.0182369397504636,0.431653643409686,-0.0600436611533893,-0.0713450857000625,0.248040065215968,-0.0577508400972837,-0.0450742395892066,-0.146816731034829,-0.0182369397504636,0.0114667794815603,-0.0176051832316217,0.0630694723005822
"Ileum_17",-0.112836747882794,-0.0608090550946222,-0.105670411017024,-0.117424725433806,-0.0845363053297242,-0.0939820473200932,-0.103604093606193,-0.0189647513406646,0.138366396658567,-0.0147515680946531,-0.0942626639083726,0.56163508061056,0.3887947193425,-0.0152283295550701,-0.127073305970483,-0.0189647513406646,0.00870743472810342,-0.00503226415421352,-0.0174247227957446
"Ileum_18",0.14773710188029,0.0433793826397584,0.0732365680804685,-0.00027696834458333,0.0161637677816857,-0.0103376340510252,0.105258492778001,0.116969780035378,-0.155088802907184,0.0408367992987834,0.029805130355249,0.105742051349744,0.157079585302784,0.054575085340496,-0.0909387717191232,0.116969780035378,0.149359436440042,0.109414393634929,0.0219847703735669
"Ileum_19",0.0240656142491653,0.0802997749398898,-0.0151966950970034,0.115588066235365,0.0417246075167035,-0.140841324013162,-0.00855033870207812,0.0486182757373647,-0.262743246510552,0.0625606236986757,0.22955208598164,0.0587213374959465,0.346766804652304,0.0451950623677678,-0.00849221584700433,0.0486182757373647,0.190730766650775,0.203039438163715,-0.0845828641458965
"Ileum_2",-0.165567767535152,-0.0259560206929679,-0.0188789157554932,0.0152229650660372,0.249325317348954,-0.0996192965862365,0.035768456975112,0.0271592098462635,-0.20192164847292,0.0202673655684313,-0.246197409223061,-0.263657870073699,-0.17057201066392,-0.0862632132672489,-0.204555065326224,0.0271592098462635,-0.195629205713148,-0.245675427636067,-0.0679855089266554
"Ileum_20",0.0104777770314709,-0.0823803701210293,0.047022673635227,-0.0445234559430548,-0.0163739411618443,0.261942796752877,0.0897944695979892,0.0516286652145135,-0.0727311787713862,-0.0552337989986592,0.0477616037270456,-0.188076175968756,-0.421183180639393,0.169486915790959,-0.106285766047438,0.0516286652145135,0.00238988663096729,0.0377539789406929,-0.0465101241775203
"Ileum_21",0.232436786666305,0.000595811533291513,-0.126130027125313,-0.0130254636439796,0.293355847471861,0.512932702406872,-0.219406742894695,-0.276341359826498,0.612060288644392,0.0368606787844123,0.646642005287297,0.0146227055066985,-0.3547361051025,0.39484951877896,0.23642987099132,-0.276341359826498,0.560592141748549,0.668864447717888,0.0913793860575162
"Ileum_22",-0.037537296721887,-0.0611123923625219,-0.0152486088148103,0.0271368291257644,-0.0129413702157125,0.00984574455359741,0.0821467952429658,0.0722765654976524,-0.166233794406706,-0.00688551720852269,-0.050532146569199,0.0785596551338289,-0.0485218360767146,0.0642409412981554,-0.00348876383239135,0.0722765654976524,-0.0298605673192124,-0.0365878819160789,-0.0872942572868337
"Ileum_23",-0.0484200058762686,-0.0835176620111575,-0.0766616661613955,-0.140296736321455,0.0216341262599531,0.698493195042871,-0.0865265332752634,-0.17184789560019,0.235416072393112,-0.143921465810141,0.0679417885062665,-0.240696409698969,-0.487872228472607,-0.0654893095935423,-0.162506907266752,-0.17184789560019,0.00989878277028499,0.0641800183500751,-0.0550200030340251
"Ileum_24",0.273251329930864,0.850736261952099,1.74713622211087,-0.0554413594440415,0.291305861372993,-0.207527124225847,-0.130636429827664,-0.128349295611456,-0.160334255494669,0.323479337949933,0.232193687424356,0.0695199553017566,0.466239327369756,-0.0823131896671565,0.306402834354007,-0.128349295611456,0.193842507003158,0.18015633015256,0.190652865062581
"Ileum_25",0.093628855859642,0.803352456192188,2.32337398756844,0.0438680481531619,0.228947827301295,0.0518458350628845,-0.0452388407368356,-0.114498706189689,-0.245868432389097,0.44035035178199,0.27162868955315,-0.0473490463991253,0.604174354758767,-0.0615997744925502,0.238349808328373,-0.114498706189689,0.259429812865491,0.246976443988243,0.146996182792984
"Ileum_26",0.0456255593781924,-0.135313416692227,-0.00400178954443092,-0.0809708882575662,-0.0469788906838963,0.860439683366931,0.0649026802658494,0.0300588669905397,-0.0520030598395897,-0.0461774322509691,-0.389164646751757,0.421738221151346,-0.104639447253311,0.0124171729549186,0.347601969848119,0.0300588669905397,-0.233560646077933,-0.243108112915439,-0.0703719367392885
"Ileum_27",0.0894219280840307,0.093938676946786,-0.0592501516948379,-0.085000032748389,-0.00350043264953449,-0.15735038771801,0.00216076547385196,-0.117949907166467,-0.404573549216406,0.0385103544884697,0.13105331390312,-0.20705070420868,-0.42354830984242,0.0471241129102874,0.190839190677056,-0.117949907166467,-0.0646524332002814,-0.0375401026075299,-0.0455818093249994
"Ileum_28",0.269162112363501,0.140411609157719,0.0959594195189398,0.0194748356362538,0.298174795745737,-0.0672342873346067,0.00109449613336929,0.0125630178936713,-0.108622636015713,0.262090031314586,0.41877911226864,0.59039050570567,0.978768844757118,0.0502056281135904,0.235434325354953,0.0125630178936713,0.641209042015581,0.581983723079662,0.087201781375885
"Ileum_3",0.0363725328113575,0.018371961083024,-0.0144698291197875,-0.0965950932579532,-0.0779160566065471,0.0376622174439017,-0.112541245355317,-0.0266765231325626,0.132246844690393,-0.057773617666155,-0.0696293543645623,-0.0321288448428169,0.134000573483879,-0.0357285410586297,-0.138580942766358,-0.0266765231325626,0.0126745069936342,-0.00257847361432452,0.0952659496913684
"Ileum_4",-0.184074676228622,-0.0941689667587609,-0.0161145114782324,-0.13234807308355,-0.0794503148113191,1.41919845174699,-0.261436497223488,-0.0189192245984208,-0.0236269246960665,-0.0790107457498234,-0.347435753063442,0.296963822578966,-0.433544335341054,-0.00385629963020568,-0.0722446624310098,-0.0189192245984208,-0.242728338458129,-0.247963475702369,-0.0954601030013883
"Ileum_5",0.145563589082795,-0.11712202657485,-0.103160338677763,0.561608694923378,-0.0621189394594526,0.899773176297437,-0.0127578796875656,0.00235128696584033,-0.106095247697025,0.0851499914953947,0.689492557974031,0.516755491155808,-0.118415194281198,-0.154527508540849,0.0171490541163404,0.00235128696584032,0.705398685132679,0.728861440193363,-0.0458764494246101
"Ileum_6",0.0231133755851562,0.195568157312271,0.734501940582892,-0.119475374622625,-0.0615710120027104,-0.164678921288501,-0.191668904725014,-0.07273023463681,-0.163862177789274,-0.0547524611499865,-0.0279234085383703,-0.123977253164888,-0.0238609094394027,-0.155562896509202,0.224709061434862,-0.07273023463681,-0.0505172952755016,-0.0396293487005971,-0.00126765730803193
"Ileum_7",0.108862947530171,-0.0306571147244233,-0.0234323604864175,0.0862435609643819,-0.0583109691213769,-0.0734161651317277,0.0513621697291105,0.037013414185079,-0.182827311125348,0.0501205796188879,0.421157696557805,0.370277899254813,-0.238489793488231,-0.0195378990151922,-0.11744949408671,0.037013414185079,0.45157514320927,0.412790474791074,-0.0628520773259919
"Ileum_8",0.0915558566131187,0.111688734446955,-0.0537921534582077,-0.145646804590646,-0.0365179051857133,0.533062174925761,-0.0253896389894714,-0.100585797855536,-0.164551160456822,0.0165288330788865,0.27338573341956,0.0637223617713631,-0.288815338201596,0.0073792527933001,-0.106354901226596,-0.100585797855536,0.302751261797189,0.301908772390749,-0.0379210942820362
"Ileum_9",-0.0497940548071118,0.0280211866641756,-0.0969461858324285,0.0267234647982484,-0.052895613917109,-0.21153745331261,-0.115452357747931,-0.011279888659474,-0.103473768597468,-0.0547059291664903,0.0778802953013097,0.207305061452551,0.15695574846614,-0.0939945612359292,-0.134432205188931,-0.011279888659474,0.073517432788807,0.0808753370440553,-0.0767830556813379
"Omasum_0",0.396441789368108,0.417168638182054,0.347095253108846,-0.0326204150980481,0.267645079859475,-0.158032654578821,-0.127595976354599,-0.195171407880952,-0.0603800911956032,0.375884068141213,0.258718080775175,0.0941613447311155,0.444677728952733,-0.0786983407170978,0.699556770716046,-0.195171407880952,0.266070014171101,0.264988410613085,0.0693194861838099
"Omasum_1",-0.0571352582206332,-0.0744935836498221,-0.0695744292027543,0.0632407329291619,-0.038469575607448,-0.0271044579262464,-0.0548611274656032,-0.0566060169857758,0.234326829520984,0.00888518561598105,-0.0131690361469353,-0.246030240341585,-0.0135612448469776,-0.0280153821590965,0.0830592607450121,-0.0566060169857758,-0.0282032072589871,-0.017482922552584,0.120852870619387
"Omasum_10",0.155598334361522,0.169428931537253,0.863238352699872,0.00191819451462089,0.0163840515255534,-0.122625038516894,-0.0169857460527059,-0.0484847853208951,-0.106028085030069,0.078681414869593,0.131188109886837,0.00504267912981969,0.310909760464761,-0.0515610077984189,0.237072235531914,-0.0484847853208951,0.0537705325150221,0.0746910523838237,-0.0264299005571295
"Omasum_11",-0.0443646798241865,-0.0705684501513145,-0.0902361609284725,0.05916967258852,-0.043541388736016,-0.0604456352445608,-0.0752097479417234,-0.0404776862359593,0.170886623697272,-0.00730053592036176,0.000656246601090069,-0.295952621757164,-0.0495879451532527,-0.0479301461463992,0.195970599800444,-0.0404776862359593,-0.0258438358123465,-0.0251310700210858,0.153257772377686
"Omasum_12",0.0135914603733221,-0.0675448803651249,-0.0187468585705042,0.0555193655238801,0.0781920714544749,0.0707366182447522,-0.0143031932092132,0.0192431618830939,0.229163250828081,0.0558246929473862,0.0199482416840068,0.363484623921058,0.327385893400522,0.113652868299767,-0.0503011832205128,0.0192431618830939,0.0482394195776,0.0657028654182592,0.0346058079201397
"Omasum_13",0.183502681925356,-0.0989622747263501,0.0515620288589041,0.078165241355146,0.0477650499162901,-0.165478236069632,0.120800515689106,0.0362439185020268,0.147894320426245,0.130561963267953,0.381594326600374,0.286010939159593,-0.0201921594413079,0.0268160347767393,-0.11451154417233,0.0362439185020268,0.231096633121918,0.268902443610768,0.00201512476225683
"Omasum_14",0.173079630256989,0.108814124426538,-0.0819937461141278,0.443058042429531,0.179750731867338,1.60248097699467,0.00473995613280384,-0.0514907072378237,-0.37579068021114,0.245845983185167,0.479941875450106,0.849267689752621,0.541811526945327,-0.0264917395762877,0.149504478673623,-0.0514907072378237,0.447723746259666,0.564385873969226,0.0688869069097088
"Omasum_15",-0.0314252708020386,-0.0879496894305569,-0.00401262495139218,0.160000658169218,0.41413845932075,-0.155250737682996,0.15777728050211,0.060728872466911,-0.244048204241468,0.259433403156509,-0.038808961089482,-0.1733646162062,-0.0581513265822195,0.0132804712385155,-0.173179877597444,0.060728872466911,-0.0561442384009636,-0.0339346616276732,-0.107019717459083
"Omasum_16",0.0574500820176229,-0.239371181099533,-0.110529319002349,0.144231996283551,-0.0859880457322355,-0.0667602179737112,-0.036209162858797,-0.0422930594037171,0.0952029097530116,0.037657127685243,0.534053216300473,0.16812704193051,-0.313436142708843,-0.223543035846102,0.012931236864562,-0.0422930594037171,0.534124781179603,0.514000065030764,0.0346124928541514
"Omasum_2",0.00978227288195043,-0.15310206484672,-0.0237563095914142,-0.00937639150359225,-0.0688907374655045,-0.119363753945903,0.0376322757657432,0.0235185734372246,-0.123129840158367,-0.0370780096944738,0.106391761039076,0.171423521950009,-0.112491467538081,0.0654335114758187,-0.0417910269455495,0.0235185734372246,0.0847297689676071,0.103283518691616,-0.0365076455151622
"Omasum_3",0.249243743654021,0.114220606510105,-0.0549080930101654,0.862881673491224,0.248973620143402,1.20594851201558,0.0571471515031278,-0.0227975808252331,-0.434804047471023,0.320927461568829,0.654773768009301,0.965405835173134,0.728166199949733,0.0105888640278268,0.131296393710573,-0.0227975808252331,0.607834801667002,0.740905494335942,-0.027449318479591
"Omasum_4",-0.0165516462987635,-0.0345737720652992,0.101787989761673,0.0591225725360014,0.111079274092645,-0.1284206772956,0.0366893442758937,-0.0499880736990324,-0.266843077355101,0.111948693812162,-0.00188985123150926,-0.240237768554016,0.227508158863945,-0.103402497187339,0.0645660978969158,-0.0499880736990324,-0.0411404607865621,-0.0259410509141477,0.122403167864463
"Omasum_5",0.428606979238993,0.0320061766810974,-0.133529396600156,1.35205219389553,0.2878218657498,1.19655328311213,0.0146285052798116,-0.0934045752751149,-0.342112285064428,0.399946821198155,1.06047404391614,1.31489292118472,0.528586269085407,-0.0939022059780561,0.0639017778145921,-0.093404575275115,0.980536232333481,1.14809039103841,-0.0186540824532212
"Omasum_6",0.591675069782368,0.0644216060459578,-0.0641316536698387,1.07538190408478,0.447055619707719,1.270780148836,0.0454413567542502,-0.00263962052684668,-0.246684582120563,0.460452891388131,1.07700541734872,2.15974719343342,0.68024800673306,0.057962622100768,0.0300878852233603,-0.00263962052684669,0.961964266953342,1.16381110719559,-0.0515420032505896
"Omasum_7",0.301138978590768,0.218642417382256,0.0209265327987918,0.160788017073716,0.355380591149966,-0.203696081317042,0.0656560028355393,0.0337132541055493,-0.287796392980803,0.424489397196146,0.15965112384964,-0.0596772582975142,0.524667690000013,-0.0136605582979456,0.281798738751453,0.0337132541055493,0.0679520573161722,0.0589933943048997,-0.0734602114907996
"Omasum_8",0.215446524028677,0.124443135445762,0.0635603568343599,0.00286615017778933,0.157393224851287,-0.124960254023281,-0.0696341033071421,-0.121942812963032,-0.0844927684502471,0.20438384217094,0.103547726396399,0.0379806810392484,0.280849313876051,0.0219950253421882,0.229569439837311,-0.121942812963032,0.0482243894831961,0.0672641394624582,0.0434367517897786
"Omasum_9",-0.00562764715137944,-0.123886738323368,0.0020446320122156,0.00237333330701425,-0.034512385875251,-0.185983292927728,0.0313858988034553,0.0426234871718206,-0.084344215262868,-0.0279630092422923,0.0659429358260616,-0.0852617954613559,0.0444240310373462,0.00889326011186116,-0.116750335190886,0.0426234871718206,-0.0889015501799923,-0.0611784137433793,-0.0440796572216919
"Rectum_0",-0.10642933537686,-0.137380365889988,-0.0349336661202227,-0.0842426741982297,-0.109489486592314,-0.157868850222499,-0.127306661596948,-0.0170447789063283,0.235870711410366,-0.146357815463211,-0.101580372942916,-0.0173181565108919,-0.0142646903467936,-0.0527137919976633,-0.147285081848735,-0.0170447789063283,-0.13107175422657,-0.121633988474045,0.00940216704804893
"Rectum_1",-0.108519891023181,-0.181994292679384,-0.0765813306286359,-0.111467510748853,-0.138332382885819,-0.180173581004121,-0.138709983807201,-0.0195984557688382,0.286314162267647,-0.15176489534871,-0.114168028848327,-0.0244729657320157,-0.0788135946489214,-0.0294548995961612,-0.153557586791383,-0.0195984557688382,-0.114876244494554,-0.118611768364425,0.0407583650894469
"Rectum_10",0.1497012064098,-0.11068402730295,-0.0131120145950464,0.30724997899664,0.0406107425032516,0.0278758411169178,-0.106641495160149,-0.062267577683706,0.170574142996633,0.161834639194691,0.719721106303768,0.661862609490116,0.20130589848421,-0.230045737733006,0.12504856399515,-0.062267577683706,0.67156107379336,0.727944761560285,0.0748727358781109
"Rectum_11",-0.0857313103101607,-0.114734002401848,-0.0117625266913371,0.00115430311741276,-0.0776436778902816,-0.0746169754150793,0.0707742677713692,0.0544952686493162,-0.0350666791724133,-0.107299786344657,-0.198784327310917,-0.0789099595568252,-0.203405360130097,0.0952869041967268,-0.161373438975501,0.0544952686493162,-0.231452056125808,-0.221428138623569,-0.0349923211293108
"Rectum_12",0.50158480302784,-0.138403375426776,0.0750001925237436,-0.0727312533984177,0.159671913911871,0.324818820928132,-0.00147456854345972,0.0991951774948385,-0.131167801068678,0.0793547767928192,-0.272242347770221,2.17431280052298,0.284217209132147,0.0888354664420555,0.858338437764432,0.0991951774948385,0.156213785753851,0.209429179482402,-0.0732333056320185
"Rectum_13",0.0767468587579431,-0.071662670460828,-0.0382160834494096,0.171735761345733,0.00281632034567775,0.0117892168743323,0.0313006505593348,0.0416965787133183,0.317316164329774,0.129373665522656,0.305119154448997,0.651120411743419,0.272547444443884,0.0332392418104196,0.120489334233586,0.0416965787133183,0.382707178241725,0.390380801403002,0.0591335593272876
"Rectum_14",0.0452254193436979,-0.0737067756980777,-0.0358648179882021,0.00598719683516425,-0.0803895855373147,-0.113677088490392,0.0895702664014539,0.0399853484867267,-0.00973339503665881,-0.0130849754114583,0.174606972758072,0.156380214076118,-0.313564308090835,-0.0110528957891947,-0.132865305456356,0.0399853484867267,0.144723620144232,0.14293237792998,0.000120386750899516
"Rectum_15",0.10302878803261,-0.120600632039122,-0.0687245792369603,0.250658716584936,0.104947507286371,-0.115742122098783,0.0114671694376764,-0.00773014779243211,0.163238615565944,0.243154008264249,0.442906125614809,0.767454255340299,1.32235960399975,-0.021137330544777,0.226614203652964,-0.00773014779243212,0.494527824107268,0.484512778357353,0.0415727343680972
"Rectum_16",-0.0537166184191423,-0.222786273691917,-0.0591993549549181,-0.161460456805515,-0.204917495813233,0.359072154571672,-0.137149388888347,-0.115716803254606,0.249312449027304,-0.261971835058147,-0.34927327159637,-0.63176311785292,-0.549743165310398,0.624560925057833,-0.292904313139504,-0.115716803254606,-0.411310560117876,-0.420025064680674,0.0856755381978136
"Rectum_17",0.201761192213569,1.39426487917908,0.276714853697314,0.277855859616747,0.444938858205992,-0.152988812903284,-0.00289422387112109,-0.0372924249498231,-0.22619814678827,0.613486601939961,0.583854159444698,0.420378730898065,0.602276128582986,-0.0292168982330553,0.0367479995215302,-0.0372924249498231,0.617585151481243,0.585879416387837,-0.0544586130698284
"Rectum_18",-0.0802678305573218,-0.000942792385495525,-0.10197209422159,-0.0698022553574031,-0.0912972707836317,-0.121251424128073,-0.0779371042664323,-0.0170942330010988,0.0545866314917002,-0.102279202933446,-0.0642503675684625,0.0460123323681237,-0.00935288408656244,-0.110471850174205,-0.187794891272826,-0.0170942330010989,-0.0219541442859192,-0.0501664370287946,-0.0660394119522504
"Rectum_19",-0.133942033327921,-0.152524419911919,-0.0567994839424129,-0.0460156483834524,0.0849566586812415,-0.0286292546329839,0.0620269073402503,-0.146994330862114,-0.0426368543188591,-0.170105163998796,-0.313687730256145,-0.414377970032184,-0.415198483158457,0.197227147631149,-0.221697827303866,-0.146994330862114,-0.316741553203304,-0.311698577304664,-0.0616844955530133
"Rectum_2",-0.0868905878234635,-0.160437542138148,-0.0717595804139201,-0.0721860055577729,-0.150633766675067,-0.135953129319035,-0.107100614028185,-0.0393994694691328,0.326903273551643,-0.151298634073733,-0.0613968963439152,0.0403659189511351,-0.251532841504914,-0.0326242248931286,-0.0810311520203691,-0.0393994694691328,-0.0795353349776583,-0.0731049889207573,0.0423999593826816
"Rectum_20",0.185532091880872,0.237339997072181,-0.0797542991842942,0.210550587193844,0.103509285454619,-0.171265741346143,0.0136893277061069,-0.0775373420621291,-0.422074623700971,0.276428371569172,0.456117090014056,0.0821039728128996,-0.202686387203495,-0.0575867514977813,0.194680738649214,-0.0775373420621292,0.334710695361842,0.360750949828933,-0.0563222764214797
"Rectum_21",0.455007279218417,0.786856270891458,0.252627372211144,0.396053067747307,0.383531799494501,-0.0625868197738016,-0.0359169954867312,-0.0653230772735501,-0.339775578273453,0.54141472361197,0.746603976767516,0.815523527701571,0.716041283380007,-0.0989105624861825,0.173788782414581,-0.0653230772735501,0.832101809601909,0.848463921955632,-0.094651168374713
"Rectum_22",0.0575498107872114,-0.0869541742248267,0.0026199856970368,-0.0463624743251181,0.0175850081461149,-0.097125967659192,0.14535456411914,0.0874282152442009,-0.181115706600339,0.010592992616521,0.109079267007766,0.0180435350441091,-0.274861270162169,0.0584815791854777,-0.125042080636487,0.0874282152442009,0.0898275895339711,0.0881155331625971,-0.0542205418171877
"Rectum_23",0.19736290906246,0.278074448354759,0.734180957937035,0.37497838999524,0.307582129788127,0.183978283597868,-0.0584211446495215,-0.128456983684906,-0.137916929351519,0.487161444288277,0.537515310987105,0.277889367757921,1.24810396791128,-0.0816503625145406,0.501693893769434,-0.128456983684906,0.517511271219417,0.535150830058933,0.163022781883145
"Rectum_24",-0.00802056561760452,0.11942866593394,-0.0235432119162376,0.193095930047863,0.497377825642803,0.132615940308356,0.0309351817663973,0.0248631999158277,-0.0243090309197342,0.248742631476389,0.191314911330376,-0.109803761057482,0.338432278052207,-0.157181960993719,-0.0394967587463522,0.0248631999158277,0.135835122910514,0.0982735423055531,-0.0406995638427032
"Rectum_25",0.292401272537024,1.3874135341477,3.77788278360732,0.16573325691096,0.170612626984509,-0.177024710664132,-0.0266579599331032,-0.11816328679093,-0.189587105806485,0.499256396353579,0.561279632946477,0.572596251842499,0.775109632140202,-0.0822177323770118,0.095046605963554,-0.11816328679093,0.655115501027476,0.635242012839712,-0.00324683281033218
"Rectum_3",-0.0872253575378466,-0.121649287531992,-0.102953652952546,-0.0977210111589832,-0.0222299394370874,-0.142766861943609,-0.124061716979428,-0.0124001014786235,0.261099662916407,-0.11119348676117,0.0754653653840202,-0.0120226062978847,0.179917876965036,-0.0102809247006029,-0.149350425984619,-0.0124001014786235,-0.044330369796528,-0.0574728252460836,0.0488402079323042
"Rectum_4",-0.110507803980509,-0.132054417007195,-0.0301567501067398,-0.142991411621163,-0.163685613957419,-0.0610777117053806,-0.0248906927009833,-0.110145533396621,-0.0084920552610106,-0.201407760924419,-0.242050371484762,-0.373053088993685,-0.477603662000094,0.223588780621398,-0.200451004300622,-0.110145533396621,-0.264118958785502,-0.26189768576356,0.0276701441383691
"Rectum_5",0.138370753308869,0.104103985376649,0.0839188385081757,0.326779237766178,0.0907384871164411,-0.0511352250480446,-0.0882072227275739,-0.0383147151232253,-0.0717480292684705,0.290535652081622,0.511833612809271,0.0942256658935182,0.420390317499307,-0.0285586983745169,0.392794638033912,-0.0383147151232253,0.554056739118763,0.517939201689189,0.0483141588832092
"Rectum_6",0.251464411986456,1.10358664798014,1.51288114760983,0.198029343967544,0.392034512384874,-0.133529246776876,-0.0531908845711153,-0.07430313255619,-0.161093804853631,0.459160212650714,0.364295600299422,0.289369449422088,0.672453939300348,-0.0524969774908023,0.0721857912723789,-0.07430313255619,0.414886624107549,0.407314422776281,0.0776364296466272
"Rectum_7",0.26254499620151,-0.050798937005264,-0.0532574059215062,0.176573536661094,0.173229827149645,0.0412035105458115,-0.0132922532822464,-0.00270233676653342,0.0842347901245178,0.182768248292445,0.241392287679766,0.608350591988491,1.02444983947499,0.122879343375621,0.295057799175901,-0.00270233676653343,0.377539124850529,0.342393764716535,0.0478197917610732
"Rectum_8",0.17014068206439,-0.0850931854856972,-0.0240249801764806,-0.0708273987956904,0.0916667570427301,0.23245272368599,0.0875264863433859,0.0443851488125107,-0.100433399796348,0.0493701855346186,0.307523190403855,0.0553737665336136,-0.266099063895805,0.0232259771117383,-0.0276018916816535,0.0443851488125107,0.19224658223587,0.220471354628724,-0.0509389363286337
"Rectum_9",0.174151772407875,1.24008548486094,1.55545170350258,0.327567205360375,0.41681287477839,-0.145408337916596,-0.080033979107958,-0.136845989548017,-0.148141021988294,0.635279467250235,0.558491268208061,0.443904407176923,1.05710717064145,-0.0469363845542015,0.12740424305256,-0.136845989548017,0.646208729035175,0.604218070214847,0.201930384341065
"Reticulum_0",-0.0304837979554257,-0.166084727068441,-0.0516646147208679,-0.0214102864303418,-0.0631563161199602,-0.165114869209281,0.00605049987672704,0.0158567456609733,-0.00875723960441546,-0.0538936436543851,0.101336711300743,0.142119919470166,-0.124373349678523,0.043770106042557,-0.0386926267376881,0.0158567456609733,-0.0191586044913734,0.0128880729743904,-0.0348224114784809
"Reticulum_1",-0.083847590620417,-0.124553791943725,-0.0739618578478319,0.0795728376142293,-0.0593549354483528,-0.0682156750438784,-0.0210609164385467,-0.0726672667132823,0.555148442066902,0.0200264580702345,-0.0193051423206252,-0.283202613419477,0.0841535002112009,0.00905318296633667,0.0863543924401926,-0.0726672667132823,-0.0531117858790114,-0.0423695461327173,0.107127635617764
"Reticulum_10",0.0956354386311925,0.253590931131882,0.476955606149502,-0.0550441001572237,0.111463670981116,-0.106489790304422,-0.0790922094263638,-0.119205662847892,0.0680918283355594,0.264939336923291,0.109560531862578,-0.0212913520891715,0.348315516183692,0.0406819116692566,0.19572460380082,-0.119205662847892,0.0559951363395981,0.0759629935780262,0.0810000153127705
"Reticulum_11",0.105789959596428,0.024995679823314,0.255429785400307,-0.0129473242407872,0.00821337232193915,-0.133706742156565,-0.0114958142137931,-0.0910667401318937,-0.000692507757436293,0.0655223572682438,0.152030922868223,0.0177344704024711,0.295592503326598,-0.0996576638906162,0.311123543867069,-0.0910667401318937,0.0571227682122756,0.0849585590760327,0.00406700226116806
"Reticulum_12",-0.0467474423263774,-0.163674998783095,-0.0534729546384908,-0.0742986115236212,-0.084803152142221,-0.178125468307877,0.0131195607848336,0.0182370648415064,-0.0340878380620016,-0.0731945717493265,-0.0106391497403142,-0.0111766765398056,-0.121392222574202,0.167390047879416,-0.0998725638660624,0.0182370648415064,-0.0854158299855685,-0.0572763287220768,-0.0570885307643252
"Reticulum_13",-0.0176629362478182,-0.028631784618352,-0.0636784925757892,0.131061344227063,0.124428978237235,-0.00903059842104473,0.0113011161266567,0.0249585415091545,0.141348805797248,0.0622889931628545,0.0733752601979012,0.659056746941397,0.209317504113606,0.0146405561664775,-0.0979226291356458,0.0249585415091545,0.15758511922395,0.14926118928825,0.00496593008485042
"Reticulum_14",0.056820633724771,-0.0678627129219292,-0.0619789571019435,-0.0798544497355076,0.00556438504664749,-0.142398277639834,0.0120079783388595,-0.129464418013506,-0.380628238896241,0.00673964283334824,0.00274505995641334,-0.341326554582802,-0.223666175078023,-0.036920223226858,0.263091360724532,-0.129464418013506,-0.197986977784382,-0.143807356756625,-0.171034642375419
"Reticulum_15",0.0994721417537475,-0.0978630610577117,-0.028940209278197,0.0762165802212822,-0.0178838417576588,-0.113353519677858,0.120022199519335,0.0492750465878887,-0.0770866745891735,0.0759755749694519,0.468879618714266,0.324203750225521,-0.237429599892858,0.0406370507175672,-0.159973951664111,0.0492750465878887,0.422787421006964,0.426109100706486,-0.0248074505834597
"Reticulum_16",0.23884347796006,0.287016441888191,-0.0716730589278651,0.693476134464338,0.278950710114878,1.93949484683365,0.0259038309611197,-0.0458011187693442,-0.287798129766688,0.342677183758623,0.642087975135543,1.03068902168332,0.653388277533612,0.227660879863246,0.168367728215126,-0.0458011187693442,0.557652605362656,0.711798211193157,-7.61568210373578e-05
"Reticulum_17",0.0809484211658711,-0.0589859686206724,-0.0755115502894382,-0.131175267329669,0.233279161602746,0.473194269500664,-0.00218242547835901,-0.0599214373222925,-0.145476988220025,0.103292418050313,0.595884739777318,0.311269467684923,-0.30599777532671,-0.112724916053562,0.0401157855769435,-0.0599214373222925,0.592531421987193,0.612800611019115,-0.05828893458691
"Reticulum_18",-0.0960381244777814,0.098673504103642,0.169906959180127,0.106710985264809,0.342319988637307,-0.0733910348068906,0.0726399394884333,0.000691283640659843,-0.122018058168065,0.158515021302101,-0.0913945037342128,-0.239080045235477,-0.185702146330651,-0.0385306759453994,-0.133217931148063,0.000691283640659841,-0.124850792334395,-0.127122824331601,-0.103713926837383
"Reticulum_19",0.0439943801622063,-0.210524330537973,-0.157155906941809,0.144414947009207,-0.0747022361776012,-0.0341946261258713,-0.0775817332537982,-0.0769392232144831,0.0326436760725594,0.0171533522482911,0.422120604941356,0.169552444369513,-0.161381177630245,-0.0605612632102012,0.00404868629945302,-0.0769392232144832,0.428043259735316,0.456591861726739,0.0271482372842775
"Reticulum_2",0.259685888657579,0.203402459004534,-0.0689421534532191,0.840014005151199,0.293265513968346,1.87412487172249,0.0246414685480975,-0.0459254629370124,-0.339062937590889,0.338303221268501,0.679951961385281,0.916116239570808,0.716328058882814,0.0112138475497092,0.133402436257489,-0.0459254629370124,0.563899242178543,0.710470985828451,-0.00507106740854853
"Reticulum_3",-0.041479879860699,-0.175902204350554,-0.0454879559931111,-0.0134978677493188,-0.0374711393269182,-0.176430903780457,-0.01064360587175,-0.00266772724909331,-0.0577449990405415,-0.0438274218884469,0.0977893706791831,0.0879547046927314,0.084747270834006,0.00888345004561448,-0.0910365096360282,-0.00266772724909332,-0.0176678387973403,0.00555670116039742,-0.0458388500434349
"Reticulum_4",-0.0545335723401897,-0.0904440000751661,-0.067275240860067,0.0829683209779113,-0.00208846276082196,0.141478108629734,-0.0764075029389053,-0.0577233836626857,0.17407567008629,0.0594211977205716,0.0648700103031197,-0.222146450663764,0.023505098510329,-0.0497816515360539,0.0710099286623279,-0.0577233836626857,0.0450829191482164,0.0443741016543927,0.11717838677423
"Reticulum_5",0.555316617678713,0.0854533607761623,-0.0789891381721884,1.62179426064127,0.447484499567084,2.16947954495466,0.0227480215421029,-0.0766667013893235,-0.268389827116714,0.510064881265354,1.14643644802546,1.93479874254231,0.863859579395221,0.0303770047987415,0.120319396221978,-0.0766667013893235,0.99529700350427,1.18104000767163,-0.0723839053791005
"Reticulum_6",0.0771689701053535,0.167646679489907,0.146308751918042,-0.00569311973805134,0.258461260369331,-0.182274201970564,-0.0403984442045296,-0.0889194839609413,0.50665950441682,0.4308211712751,0.0997028089108883,-0.139032742611903,0.596559033006838,0.21438926554718,0.375478708411193,-0.0889194839609413,0.00711266082530654,0.0108971480901972,0.0328156033380859
"Reticulum_7",-0.0561921229042446,-0.0603797773997098,-0.0908789926430051,0.0930575873117185,-0.0409777462912427,0.00126056645653357,-0.0708233221827067,-0.0518726259477676,0.248096157426764,0.0616514977019194,0.0469425555723678,-0.264300815896357,0.0645178730825503,-0.0767708442117693,0.242960672547659,-0.0518726259477677,0.00777334856599338,0.00895549877458717,0.119820922790575
"Reticulum_8",0.513477435241392,-0.0224279850487977,-0.190834365724122,1.54564258750063,0.304007384407433,2.02549804741402,-0.0307196358937963,-0.120291606912821,-0.238756539086519,0.466653564297467,1.19372600417749,1.6745795097204,0.666041827995618,-0.105236282745892,0.0690213165608648,-0.120291606912821,1.03320490412958,1.18519405455979,-0.0485420486095315
"Reticulum_9",-0.0266925832017645,-0.00303918163560757,0.199211182484651,-0.00139648394621077,0.0311537361217421,-0.0922790911664364,-0.0203568355725615,-0.0882284169264294,-0.0178964466889735,0.121151064812155,0.0854337497334698,-0.243399931661335,0.590741750448275,-0.0862704687673647,0.127391222390258,-0.0882284169264294,0.0192176721146473,0.0461192893358444,0.138029193176355
"Rumen_0",0.190230330339223,0.179354725096946,-0.0417269072668344,0.603832794252702,0.243351756765609,1.65148059418265,0.063655989309618,-0.00940191229907592,-0.411782290583705,0.235448000656889,0.545354413439334,0.599401563316856,0.417909966234307,-0.00872635284942355,0.161490036308405,-0.00940191229907592,0.462171966612501,0.562453054381078,-0.0307474632082641
"Rumen_1",-0.0442533463305576,-0.173289294446354,-0.0503336049312431,-0.0504384931741807,-0.0959350579406897,-0.150689751854721,-0.00599656105972874,0.00298134820124252,-0.0754852749445526,-0.0821176980812033,0.0250429949310771,0.0446940182237484,-0.151976498647097,0.0597844971853486,-0.0727871053684872,0.0029813482012425,0.00115101422185214,0.0320414222548045,-0.0553702452054518
"Rumen_10",0.321119089836618,-0.135948397502778,-0.150778479496236,-0.142310638901107,0.247885219139658,0.521544025165145,-0.0361559929446684,-0.201611348210281,1.79590563533142,0.625501058147904,1.16230470361542,0.927149263821725,1.45218387442414,0.722327773586976,0.113122702276423,-0.201611348210281,1.01252065488233,1.17337711001622,0.574801031165686
"Rumen_11",-0.122336965676351,-0.0962926127943394,0.00426032299057873,0.0248485614186489,-0.0808028027257383,0.136635024210114,0.183235215299519,0.174381079363248,-0.284405536308612,-0.133364907843782,-0.357310811515819,-0.356586920640923,-0.464349862453753,0.0561530838631468,-0.250809434447044,0.174381079363248,-0.342575742376141,-0.368206342755367,-0.0485502451230135
"Rumen_12",0.0473129191599459,0.0601980078768467,0.153436739625506,-0.00371192765137815,0.0262046250595644,-0.187488212949637,-0.00837788334842662,-0.0715015760776075,-0.285874465144491,0.0237442264971094,0.0750794640971157,-0.0151080960067575,0.0868353881773354,-0.100749563168021,0.207194456853938,-0.0715015760776076,0.0325511882142677,0.0218833290403646,-0.0751152686580763
"Rumen_13",0.274565661483228,-0.0507769884301169,-0.018830259569586,0.462805756780024,0.269386813973879,2.86326674925179,0.00359018416693018,0.435108629424734,0.350329592546412,0.0762084107468692,0.27092409549399,0.658812691986067,-0.0764955807200918,0.0696825978032488,-0.181150342312267,0.435108629424734,0.148277714278452,0.250263276820914,-0.0206278943079972
"Rumen_14",-0.0587565319402234,-0.0155653125038601,0.095859200807589,0.0219815950147706,-0.0189208786184764,-0.0971684840774849,0.0115872515863751,-0.0916145494995578,-0.201581108762058,0.0565896393240551,-0.0524200640101615,-0.250288411642748,0.266097721950833,-0.0659568840919321,0.0809375504621605,-0.0916145494995578,-0.0455355505614469,-0.0346744380244235,0.147541378885217
"Rumen_15",0.170511424581916,0.123419032401523,-0.0684302608873592,0.758743532243468,0.248864436826362,2.23045274047035,0.0182017105530719,-0.015253606074953,-0.0529775275782862,0.194336549010798,0.377940780271151,0.904733631102481,0.26142620509572,0.0240984864189521,0.0448348985649878,-0.015253606074953,0.355113387777373,0.475115974222071,0.022784769529119
"Rumen_16",0.0740828312610493,-0.0340362415537474,-0.0626179802114984,0.0685537616888249,0.166640941824633,0.00743648360772821,-0.00556098528418303,0.0221846393414134,-0.0763561385565541,0.112852324475169,0.167690392458453,0.994858300099381,0.368291373179666,-0.00799944562510608,0.102495402654233,0.0221846393414134,0.360949343835734,0.302868481110056,0.0395053055744423
"Rumen_17",-0.00353353810216101,-0.0511691472127376,-0.0930285893389494,-0.147977022570122,0.256616113530527,-0.177616361569923,-0.00251987006336644,-0.0735879330495135,-0.248941227524254,0.0288004041111527,-0.0110648471356175,-0.00433989842522591,0.278319046903792,-0.104959319584433,-0.0727840115505038,-0.0735879330495135,-0.0654767364991881,-0.0733789461131349,-0.0545687909599623
"Rumen_18",0.25223822975902,0.0281039159146857,-0.0705658534218399,0.495504510855834,0.307224527085705,0.81635488651903,-0.0142522686610574,-0.0645360054192784,-0.202239317712487,0.261320262184838,0.590156036471043,1.4778424006589,0.536766286090104,0.113895626752171,0.111176313891157,-0.0645360054192784,0.581453408982551,0.713233216275181,-0.013905220877535
"Rumen_2",-0.103029242669149,-0.0753062858165295,-0.0688984137245656,-0.00695104359481721,-0.0726706023127425,-0.0658277574088564,-0.0153784678281421,-0.0547605243422879,0.0490534871473836,-0.0124913635771798,-0.110685684858291,-0.284369693501569,-0.143296686379715,-0.0354874603271171,0.0291746554816514,-0.0547605243422879,-0.101918135013105,-0.101897521545397,0.0950821855101814
"Rumen_3",-0.00438250522307644,0.155471555729171,-0.0211388974232391,-0.0481992761174855,0.159557339993466,-0.210498451033019,0.00353146686049014,-0.0224519896268449,-0.197509370866783,0.23279671271768,-0.0773390151794535,-0.27995048673608,0.0826174730792438,-0.0416683708584799,0.228131139153585,-0.0224519896268449,-0.114738292629636,-0.139085137656269,-0.10161800878104
"Rumen_4",-0.00240756775200441,-0.0769952873688697,-0.0811936516133836,0.084885435080103,0.0794395952656496,0.048627922184853,-0.128193823400408,-0.0577323130077965,0.0613992516915065,0.121135845109625,0.25605234437122,-0.142177933532782,0.169694852579978,-0.0419012254067234,0.191172809636367,-0.0577323130077965,0.240222269664115,0.250868930114102,0.0987409850273954
"Rumen_5",0.0640982806716834,0.166131779241299,-0.0726974141100793,-0.00868198759374801,0.262871746612241,-0.281425545662478,-0.0244902685927526,-0.0839943963638863,0.0739312615501413,0.458824721575258,0.0737143410066343,-0.112716635275706,0.541979634418461,0.0664488621138759,0.455278935730789,-0.0839943963638863,-0.00181357783776783,-0.00667789265630267,-0.0513370299664252
"Rumen_6",0.365891186777281,0.0288023398243322,-0.141341643943026,0.851278456076429,0.285618705494776,1.75100809662153,-0.0108110113206986,-0.119663043584476,0.373551436061472,0.44251356509085,1.0696395089035,1.26985532077815,0.774262298700443,0.0530787741628538,0.125486482560863,-0.119663043584476,0.976579447897208,1.13560189384894,0.144835613962572
"Rumen_7",0.432511318245916,0.156972458521001,-0.0523108878049735,1.39654584560679,0.455062257628316,2.17873923670701,0.0455175142252609,-0.0695332946278892,-0.317265575535585,0.433446570992491,0.932745721617327,1.86163992760211,0.742779027807204,0.0279108477159449,0.192337637213845,-0.0695332946278892,0.904009035483692,1.07846086432381,-0.0704306188154158
"Rumen_8",-0.0458811486337229,-0.150885591711155,-0.046623847509866,-0.0553575860968319,-0.0633175753323435,-0.180211501579518,-0.0299282468005452,0.00564618856546511,-0.104602785950362,-0.0493500990321973,0.0470104586307384,0.00204686864113241,0.149971479600257,0.0464730955518212,-0.0995707124052289,0.0056461885654651,0.00982800459006717,0.0397127634711315,-0.0515984819940823
"Rumen_9",-0.0450238880380518,0.00656889422151915,-0.0688480055795141,0.0182226115236133,-0.0240550853775912,-0.0399514674816973,-0.0793094657995252,-0.0639221856860319,0.0620205910607912,0.0768813678348738,0.067621287328808,-0.276835493392315,-0.0364108380755686,-0.0505677543914617,0.279457616039698,-0.0639221856860319,0.035115913133062,0.0339745094927806,0.086315082440644
