"Cluster","ID","Description","GeneRatio","BgRatio","pvalue","p.adjust","qvalue","geneID","Count"
"Forestomach_epithelial","GO:0006412","translation","91/412","243/4524",3.53641238025643e-36,7.77303441180364e-33,7.16216570485619e-33,"RPLP1/RPS12/RPS8/RPS18/UBA52/RPL32/RPS27A/RPL18A/RPS3A/RPS7/RPL10/RPS9/RPL27A/RPL14/RPL6/RPL18/RPS23/RPS20/RPS6/RPLP2/RPS4X/RPS19/RPL28/RPS11/RPL11/RPS24/RPL37/RPS15/RPL3/RPL37A/RPL10A/RPS28/RPL23/RPS3/RPL19/RPL35/RPS27/RPL27/RPL13A/RPL13/RPS13/RPL39/RPS15A/RPL26/RACK1/FAU/RPS26/RPS29/RPL5/RPS21/EEF1G/RPL38/GAPDH/RPS17/EIF1/RPL4/RPS16/YBX1/RPL23A/RPL36A/EIF5A/PABPC1/EIF6/EIF3K/C1QBP/EIF3E/COA3/EIF3M/EIF3G/MRPS26/NDUFA7/EIF2S3/RPS27L/MRPL11/EIF4G2/NPM1/MRPL57/MRPL20/MRPL9/MRPL52/EIF3D/MRPL12/TUFM/EIF3I/MRPS16/ZFP36/EIF3L/MRPL34/EIF4A2/MAGOH/MRPL58",91
"Forestomach_epithelial","GO:0043043","peptide biosynthetic process","91/412","250/4524",5.14995953742271e-35,5.65980553162756e-32,5.21501165789542e-32,"RPLP1/RPS12/RPS8/RPS18/UBA52/RPL32/RPS27A/RPL18A/RPS3A/RPS7/RPL10/RPS9/RPL27A/RPL14/RPL6/RPL18/RPS23/RPS20/RPS6/RPLP2/RPS4X/RPS19/RPL28/RPS11/RPL11/RPS24/RPL37/RPS15/RPL3/RPL37A/RPL10A/RPS28/RPL23/RPS3/RPL19/RPL35/RPS27/RPL27/RPL13A/RPL13/RPS13/RPL39/RPS15A/RPL26/RACK1/FAU/RPS26/RPS29/RPL5/RPS21/EEF1G/RPL38/GAPDH/RPS17/EIF1/RPL4/RPS16/YBX1/RPL23A/RPL36A/EIF5A/PABPC1/EIF6/EIF3K/C1QBP/EIF3E/COA3/EIF3M/EIF3G/MRPS26/NDUFA7/EIF2S3/RPS27L/MRPL11/EIF4G2/NPM1/MRPL57/MRPL20/MRPL9/MRPL52/EIF3D/MRPL12/TUFM/EIF3I/MRPS16/ZFP36/EIF3L/MRPL34/EIF4A2/MAGOH/MRPL58",91
"Forestomach_epithelial","GO:0006518","peptide metabolic process","96/412","289/4524",3.34373763638746e-33,2.44984510825988e-30,2.25731621488052e-30,"RPLP1/RPS12/RPS8/RPS18/UBA52/RPL32/RPS27A/RPL18A/RPS3A/RPS7/RPL10/RPS9/RPL27A/RPL14/RPL6/RPL18/RPS23/RPS20/RPS6/RPLP2/RPS4X/RPS19/RPL28/RPS11/RPL11/RPS24/RPL37/RPS15/RPL3/RPL37A/RPL10A/RPS28/RPL23/RPS3/RPL19/RPL35/RPS27/RPL27/RPL13A/RPL13/RPS13/RPL39/RPS15A/RPL26/RACK1/FAU/RPS26/RPS29/RPL5/RPS21/EEF1G/RPL38/GAPDH/GPX1/RPS17/EIF1/RPL4/RPS16/YBX1/CLIC1/RPL23A/ETHE1/RPL36A/EIF5A/PABPC1/EIF6/EIF3K/C1QBP/EIF3E/COA3/EIF3M/EIF3G/MRPS26/NDUFA7/EIF2S3/RPS27L/MRPL11/EIF4G2/NPM1/PIN1/MRPL57/MRPL20/MRPL9/MRPL52/EIF3D/MRPL12/TUFM/EIF3I/MRPS16/PARK7/ZFP36/EIF3L/MRPL34/EIF4A2/MAGOH/MRPL58",96
"Forestomach_epithelial","GO:0043604","amide biosynthetic process","91/412","273/4524",1.61048577368721e-31,8.84961932641124e-29,8.15414375940579e-29,"RPLP1/RPS12/RPS8/RPS18/UBA52/RPL32/RPS27A/RPL18A/RPS3A/RPS7/RPL10/RPS9/RPL27A/RPL14/RPL6/RPL18/RPS23/RPS20/RPS6/RPLP2/RPS4X/RPS19/RPL28/RPS11/RPL11/RPS24/RPL37/RPS15/RPL3/RPL37A/RPL10A/RPS28/RPL23/RPS3/RPL19/RPL35/RPS27/RPL27/RPL13A/RPL13/RPS13/RPL39/RPS15A/RPL26/RACK1/FAU/RPS26/RPS29/RPL5/RPS21/EEF1G/RPL38/GAPDH/RPS17/EIF1/RPL4/RPS16/YBX1/RPL23A/RPL36A/EIF5A/PABPC1/EIF6/EIF3K/C1QBP/EIF3E/COA3/EIF3M/EIF3G/MRPS26/NDUFA7/EIF2S3/RPS27L/MRPL11/EIF4G2/NPM1/MRPL57/MRPL20/MRPL9/MRPL52/EIF3D/MRPL12/TUFM/EIF3I/MRPS16/ZFP36/EIF3L/MRPL34/EIF4A2/MAGOH/MRPL58",91
"Forestomach_epithelial","GO:0043603","cellular amide metabolic process","96/412","344/4524",2.15678730768461e-26,9.48123700458152e-24,8.73612374733722e-24,"RPLP1/RPS12/RPS8/RPS18/UBA52/RPL32/RPS27A/RPL18A/RPS3A/RPS7/RPL10/RPS9/RPL27A/RPL14/RPL6/RPL18/RPS23/RPS20/RPS6/RPLP2/RPS4X/RPS19/RPL28/RPS11/RPL11/RPS24/RPL37/RPS15/RPL3/RPL37A/RPL10A/RPS28/RPL23/RPS3/RPL19/RPL35/RPS27/RPL27/RPL13A/RPL13/RPS13/RPL39/RPS15A/RPL26/RACK1/FAU/RPS26/RPS29/RPL5/RPS21/EEF1G/RPL38/GAPDH/GPX1/RPS17/EIF1/RPL4/RPS16/YBX1/CLIC1/RPL23A/ETHE1/RPL36A/EIF5A/PABPC1/EIF6/EIF3K/C1QBP/EIF3E/COA3/EIF3M/EIF3G/MRPS26/NDUFA7/EIF2S3/RPS27L/MRPL11/EIF4G2/NPM1/PIN1/MRPL57/MRPL20/MRPL9/MRPL52/EIF3D/MRPL12/TUFM/EIF3I/MRPS16/PARK7/ZFP36/EIF3L/MRPL34/EIF4A2/MAGOH/MRPL58",96
"Forestomach_epithelial","GO:0034645","cellular macromolecule biosynthetic process","94/412","344/4524",4.72361808838276e-25,1.73041875971088e-22,1.59442828106113e-22,"RPLP1/RPS12/RPS8/RPS18/UBA52/RPL32/RPS27A/RPL18A/RPS3A/RPS7/RPL10/RPS9/RPL27A/RPL14/RPL6/RPL18/RPS23/RPS20/RPS6/RPLP2/RPS4X/RPS19/RPL28/RPS11/RPL11/RPS24/RPL37/RPS15/RPL3/RPL37A/RPL10A/RPS28/RPL23/RPS3/RPL19/RPL35/RPS27/RPL27/RPL13A/RPL13/RPS13/RPL39/RPS15A/RPL26/RACK1/FAU/RPS26/RPS29/RPL5/RPS21/EEF1G/RPL38/GAPDH/RPS17/EIF1/RPL4/RPS16/YBX1/RPL23A/RPL36A/EIF5A/PABPC1/EIF6/EIF3K/C1QBP/EIF3E/COA3/ITM2B/EIF3M/EIF3G/MRPS26/NDUFA7/EIF2S3/RPS27L/MRPL11/EIF4G2/NPM1/MRPL57/MRPL20/DAD1/MRPL9/MRPL52/EIF3D/MRPL12/TUFM/EIF3I/MRPS16/TMEM258/ZFP36/EIF3L/MRPL34/EIF4A2/MAGOH/MRPL58",94
"Forestomach_epithelial","GO:0002181","cytoplasmic translation","21/412","37/4524",2.8210272025563e-13,8.76989543786127e-11,8.08068522697433e-11,"RPL32/RPL6/RPL18/RPS23/RPLP2/RPS28/RPL19/RPL13A/RPS26/RPS29/RPS21/RPL38/YBX1/PABPC1/EIF3K/EIF3E/EIF3M/EIF3G/EIF3D/EIF3I/EIF3L",21
"Forestomach_epithelial","GO:0010257","NADH dehydrogenase complex assembly","22/412","41/4524",3.59094899639452e-13,8.76989543786127e-11,8.08068522697433e-11,"NDUFB10/NDUFA11/NDUFS8/NDUFB7/NDUFS5/NDUFB11/NDUFS7/NDUFAB1/NDUFA3/NDUFB5/NDUFC2/NDUFB3/NDUFS2/NDUFB8/NDUFB9/NDUFA1/NDUFA2/NDUFB1/NDUFC1/NDUFA13/NDUFB4/NDUFA8",22
"Forestomach_epithelial","GO:0032981","mitochondrial respiratory chain complex I assembly","22/412","41/4524",3.59094899639452e-13,8.76989543786127e-11,8.08068522697433e-11,"NDUFB10/NDUFA11/NDUFS8/NDUFB7/NDUFS5/NDUFB11/NDUFS7/NDUFAB1/NDUFA3/NDUFB5/NDUFC2/NDUFB3/NDUFS2/NDUFB8/NDUFB9/NDUFA1/NDUFA2/NDUFB1/NDUFC1/NDUFA13/NDUFB4/NDUFA8",22
"Forestomach_epithelial","GO:0033108","mitochondrial respiratory chain complex assembly","25/412","56/4524",1.87559476924242e-12,4.12255730279484e-10,3.79857298528676e-10,"NDUFB10/NDUFA11/COA3/NDUFS8/NDUFB7/NDUFS5/UQCRFS1/NDUFB11/NDUFS7/NDUFAB1/NDUFA3/NDUFB5/NDUFC2/NDUFB3/NDUFS2/NDUFB8/NDUFB9/NDUFA1/NDUFA2/NDUFB1/COX14/NDUFC1/NDUFA13/NDUFB4/NDUFA8",25
"Forestomach_epithelial","GO:0006119","oxidative phosphorylation","22/412","44/4524",2.38202931070538e-12,4.75972765902766e-10,4.38566927636092e-10,"COX7A2/ATP5PD/ATP5F1D/UQCR11/COX8A/COX6B1/COX8B/ATP5F1C/COX7A2L/NDUFS8/COX7B/NDUFA7/NDUFS7/NDUFAB1/NDUFC2/NDUFS2/NDUFB8/NDUFB9/STOML2/NDUFA8/PARK7/RHOA",22
"Forestomach_epithelial","GO:0046034","ATP metabolic process","32/412","90/4524",2.67696121584177e-12,4.90330062701683e-10,4.51795910463119e-10,"GAPDH/COX7A2/ATP5PD/ATP5F1D/ENO1/ATP5ME/UQCR11/TPI1/COX8A/COX6B1/COX8B/AK2/EIF6/ATP5PF/ATP5F1C/COX7A2L/NDUFS8/COX7B/NDUFA7/PGAM1/NDUFS7/NDUFAB1/NDUFC2/NDUFS2/NDUFB8/NDUFB9/PGK1/STOML2/NDUFA8/PARK7/GPI/RHOA",32
"Forestomach_epithelial","GO:0009060","aerobic respiration","26/412","63/4524",6.16506121855431e-12,1.04236958141403e-09,9.60451642469513e-10,"COX7A2/ATP5PD/ATP5F1D/UQCR11/COX8A/COX6B1/COX8B/MDH2/ATP5F1C/COX7A2L/NDUFS8/COX7B/NDUFA7/NDUFS7/NDUFAB1/NDUFC2/NDUFS2/NDUFB8/NDUFB9/SUCLG1/STOML2/SDHD/NDUFA8/PARK7/BLOC1S1/RHOA",26
"Forestomach_epithelial","GO:0006091","generation of precursor metabolites and energy","41/412","151/4524",4.66542609268769e-11,7.01404913214751e-09,6.46282770473244e-09,"GAPDH/COX7A2/ATP5PD/ATP5F1D/ENO1/UQCR11/TPI1/COX8A/COX6B1/COX8B/EIF6/MDH2/ATP5F1C/COX7A2L/TALDO1/NDUFS8/COX7B/NDUFA7/PGAM1/NDUFS7/NDUFAB1/NDUFC2/NDUFB3/NDUFS2/NDUFB8/NDUFB9/PGK1/SUCLG1/STOML2/PRELID1/NDUFA13/PPP1CA/SDHD/PHB2/NDUFA8/PARK7/HMGCL/GPI/BLOC1S1/RHOA/NDUFA4",41
"Forestomach_epithelial","GO:0019646","aerobic electron transport chain","15/412","23/4524",4.78665773349466e-11,7.01404913214751e-09,6.46282770473244e-09,"COX7A2/UQCR11/COX8A/COX8B/COX7A2L/NDUFS8/NDUFA7/NDUFS7/NDUFAB1/NDUFC2/NDUFS2/NDUFB8/NDUFB9/NDUFA8/PARK7",15
"Forestomach_epithelial","GO:0045333","cellular respiration","27/412","78/4524",2.96738411010685e-10,4.07644392125928e-08,3.75608357095104e-08,"COX7A2/ATP5PD/ATP5F1D/UQCR11/COX8A/COX6B1/COX8B/MDH2/ATP5F1C/COX7A2L/NDUFS8/COX7B/NDUFA7/NDUFS7/NDUFAB1/NDUFC2/NDUFS2/NDUFB8/NDUFB9/SUCLG1/STOML2/PRELID1/SDHD/NDUFA8/PARK7/BLOC1S1/RHOA",27
"Forestomach_epithelial","GO:0042773","ATP synthesis coupled electron transport","15/412","26/4524",5.82703714663985e-10,7.11545980461911e-08,6.55626869598542e-08,"COX7A2/UQCR11/COX8A/COX8B/COX7A2L/NDUFS8/NDUFA7/NDUFS7/NDUFAB1/NDUFC2/NDUFS2/NDUFB8/NDUFB9/NDUFA8/PARK7",15
"Forestomach_epithelial","GO:0042775","mitochondrial ATP synthesis coupled electron transport","15/412","26/4524",5.82703714663985e-10,7.11545980461911e-08,6.55626869598542e-08,"COX7A2/UQCR11/COX8A/COX8B/COX7A2L/NDUFS8/NDUFA7/NDUFS7/NDUFAB1/NDUFC2/NDUFS2/NDUFB8/NDUFB9/NDUFA8/PARK7",15
"Forestomach_epithelial","GO:0007005","mitochondrion organization","42/412","177/4524",2.62700333294266e-09,3.03902806621472e-07,2.80019635046076e-07,"GPX1/SFN/ATP5F1D/VDAC2/NDUFB10/FAM162A/NDUFA11/COA3/SLC25A5/COX7A2L/NDUFS8/NDUFB7/NDUFS5/UQCRFS1/NDUFB11/NDUFS7/NDUFAB1/NDUFA3/NDUFB5/NDUFC2/NDUFB3/NDUFS2/NDUFB8/NDUFB9/NDUFA1/NDUFA2/NDUFB1/TOMM20/COX14/TOMM22/NDUFC1/STOML2/PRELID1/NDUFA13/PHB2/NDUFB4/NDUFA8/PARK7/HMGCL/TOMM7/TOMM5/PDCD5",42
"Forestomach_epithelial","GO:0022900","electron transport chain","18/412","45/4524",2.1939511645592e-08,2.41115232985057e-06,2.22166423190101e-06,"COX7A2/UQCR11/COX8A/COX8B/COX7A2L/NDUFS8/COX7B/NDUFA7/NDUFS7/NDUFAB1/NDUFC2/NDUFB3/NDUFS2/NDUFB8/NDUFB9/NDUFA13/NDUFA8/PARK7",18
"Forestomach_epithelial","GO:0006120","mitochondrial electron transport, NADH to ubiquinone","10/412","14/4524",2.53606426917466e-08,2.65441393506948e-06,2.44580834781557e-06,"NDUFS8/NDUFA7/NDUFS7/NDUFAB1/NDUFC2/NDUFS2/NDUFB8/NDUFB9/NDUFA8/PARK7",10
"Forestomach_epithelial","GO:0022904","respiratory electron transport chain","15/412","34/4524",7.03912183575812e-08,7.03272263408925e-06,6.48003368995149e-06,"COX7A2/UQCR11/COX8A/COX8B/COX7A2L/NDUFS8/NDUFA7/NDUFS7/NDUFAB1/NDUFC2/NDUFS2/NDUFB8/NDUFB9/NDUFA8/PARK7",15
"Forestomach_epithelial","GO:0015980","energy derivation by oxidation of organic compounds","28/412","104/4524",7.83431752206329e-08,7.48688257108483e-06,6.89850201942781e-06,"COX7A2/ATP5PD/ATP5F1D/UQCR11/COX8A/COX6B1/COX8B/MDH2/ATP5F1C/COX7A2L/NDUFS8/COX7B/NDUFA7/NDUFS7/NDUFAB1/NDUFC2/NDUFS2/NDUFB8/NDUFB9/SUCLG1/STOML2/PRELID1/PPP1CA/SDHD/NDUFA8/PARK7/BLOC1S1/RHOA",28
"Forestomach_epithelial","GO:0065003","protein-containing complex assembly","65/412","374/4524",8.91420234620654e-08,8.16392364873415e-06,7.52233566407955e-06,"RPL24/RPS3/RPL13A/RACK1/RPL38/ATP5IF1/HMGB1/ATP5F1D/VDAC2/HSPA1A/NDUFB10/EIF3K/SNRPB/UBE2S/NDUFA11/EIF3E/SNRPD2/COA3/SNRPG/COX7A2L/CCT3/NDUFS8/NDUFB7/SNRPD1/NDUFS5/EIF3M/EIF3G/UQCRFS1/NDUFB11/NDUFS7/NDUFAB1/NDUFA3/NDUFB5/ARPC2/NDUFC2/NDUFB3/NDUFS2/NDUFB8/NDUFB9/NDUFA1/ARPC3/NDUFA2/ARPC5L/NDUFB1/HES1/SEM1/COX14/NDUFC1/UBE2C/STOML2/EIF3D/NDUFA13/GPX4/NDUFB4/NDUFA8/EIF3I/PARK7/HSPA5/EIF3L/ARPC5/CCT2/ARPC4/CENPS/SNRPF/RHOA",65
"Forestomach_epithelial","GO:0043933","protein-containing complex organization","70/412","426/4524",2.65125041908717e-07,2.33097936846144e-05,2.14779191845209e-05,"RPL24/RPL23/RPS3/RPL13A/RACK1/RPL38/ATP5IF1/HMGB1/HSPA8/ATP5F1D/EIF5A/VDAC2/HSPA1A/NDUFB10/EIF3K/SNRPB/UBE2S/NDUFA11/EIF3E/SNRPD2/COA3/SNRPG/COX7A2L/CCT3/NDUFS8/NDUFB7/SNRPD1/NDUFS5/EIF3M/EIF3G/UQCRFS1/NDUFB11/NDUFS7/NDUFAB1/NDUFA3/NDUFB5/ARPC2/NDUFC2/NDUFB3/NDUFS2/NDUFB8/NDUFB9/NDUFA1/ARPC3/NDUFA2/ARPC5L/NDUFB1/HES1/SEM1/DSTN/COX14/NDUFC1/UBE2C/STOML2/EIF3D/NDUFA13/GPX4/NDUFB4/NDUFA8/EIF3I/PARK7/HSPA5/EIF3L/ARPC5/CCT2/ARPC4/CENPS/SNRPF/RHOA/MRPL58",70
"Forestomach_epithelial","GO:0006413","translational initiation","14/412","36/4524",1.26800839983146e-06,0.000107195479339598,9.87711806184506e-05,"RPL13A/EIF1/EIF6/EIF3K/EIF3E/EIF3M/EIF3G/EIF2S3/EIF4G2/NPM1/EIF3D/EIF3I/EIF3L/EIF4A2",14
"Forestomach_epithelial","GO:0022613","ribonucleoprotein complex biogenesis","25/412","110/4524",1.14099359851443e-05,0.000927038228655472,0.000854183971999966,"RPLP0/RPL24/RPS28/RPS27/RPL27/RPL13A/RPL26/RPL38/RAN/EIF6/EIF3K/SNRPB/C1QBP/EIF3E/SNRPD2/SNRPG/SNRPD1/EIF3M/EIF3G/EIF3D/TRMT112/BUD23/EIF3I/EIF3L/SNRPF",25
"Forestomach_epithelial","GO:0001732","formation of cytoplasmic translation initiation complex","7/412","11/4524",1.18094041866939e-05,0.000927038228655472,0.000854183971999966,"EIF3K/EIF3E/EIF3M/EIF3G/EIF3D/EIF3I/EIF3L",7
"Forestomach_epithelial","GO:0002183","cytoplasmic translational initiation","8/412","15/4524",1.60456319522662e-05,0.00121614824245108,0.00112057335303667,"RPL13A/EIF3K/EIF3E/EIF3M/EIF3G/EIF3D/EIF3I/EIF3L",8
"Forestomach_epithelial","GO:0022618","ribonucleoprotein complex assembly","15/412","50/4524",2.16747976939631e-05,0.00158804017771103,0.00146323897414684,"RPL24/RPL13A/RPL38/EIF3K/SNRPB/EIF3E/SNRPD2/SNRPG/SNRPD1/EIF3M/EIF3G/EIF3D/EIF3I/EIF3L/SNRPF",15
"Forestomach_epithelial","GO:0009205","purine ribonucleoside triphosphate metabolic process","9/412","20/4524",2.66850407994309e-05,0.00189205547345643,0.00174336225800017,"NME2/ATP5PD/ATP5F1D/RAN/ATP5ME/ATP5PF/ATP5F1C/STOML2/IMPDH2",9
"Forestomach_epithelial","GO:0071826","ribonucleoprotein complex subunit organization","15/412","52/4524",3.63747873578879e-05,0.00249849320664492,0.0023021411472558,"RPL24/RPL13A/RPL38/EIF3K/SNRPB/EIF3E/SNRPD2/SNRPG/SNRPD1/EIF3M/EIF3G/EIF3D/EIF3I/EIF3L/SNRPF",15
"Forestomach_epithelial","GO:0006417","regulation of translation","22/412","97/4524",3.98839552007687e-05,0.0026565131373118,0.00244774257755276,"RPL10/RPS4X/RPS3/RPL13A/RPL26/RACK1/RPL38/GAPDH/EIF1/YBX1/EIF5A/PABPC1/EIF6/EIF3K/C1QBP/COA3/RPS27L/EIF4G2/NPM1/EIF3D/ZFP36/MAGOH",22
"Forestomach_epithelial","GO:0009145","purine nucleoside triphosphate biosynthetic process","8/412","17/4524",5.14219681746484e-05,0.00322929960136792,0.00297551479001574,"NME2/ATP5PD/ATP5F1D/ATP5ME/ATP5PF/ATP5F1C/STOML2/IMPDH2",8
"Forestomach_epithelial","GO:0009206","purine ribonucleoside triphosphate biosynthetic process","8/412","17/4524",5.14219681746484e-05,0.00322929960136792,0.00297551479001574,"NME2/ATP5PD/ATP5F1D/ATP5ME/ATP5PF/ATP5F1C/STOML2/IMPDH2",8
"Forestomach_epithelial","GO:0034248","regulation of cellular amide metabolic process","23/412","107/4524",6.57568225113716e-05,0.00387209361330585,0.00356779278387072,"RPL10/RPS4X/RPS3/RPL13A/RPL26/RACK1/RPL38/GAPDH/EIF1/YBX1/EIF5A/PABPC1/EIF6/EIF3K/C1QBP/COA3/RPS27L/EIF4G2/NPM1/PIN1/EIF3D/ZFP36/MAGOH",23
"Forestomach_epithelial","GO:0009144","purine nucleoside triphosphate metabolic process","9/412","22/4524",6.69424737514205e-05,0.00387209361330585,0.00356779278387072,"NME2/ATP5PD/ATP5F1D/RAN/ATP5ME/ATP5PF/ATP5F1C/STOML2/IMPDH2",9
"Forestomach_epithelial","GO:0009199","ribonucleoside triphosphate metabolic process","9/412","22/4524",6.69424737514205e-05,0.00387209361330585,0.00356779278387072,"NME2/ATP5PD/ATP5F1D/RAN/ATP5ME/ATP5PF/ATP5F1C/STOML2/IMPDH2",9
"Forestomach_epithelial","GO:1903201","regulation of oxidative stress-induced cell death","6/412","10/4524",8.41637240612746e-05,0.00468514944682884,0.0043169520308887,"RACK1/GPX1/TXN/PPIA/HSPB1/PARK7",6
"Forestomach_epithelial","GO:0061077","chaperone-mediated protein folding","8/412","18/4524",8.52620463481136e-05,0.00468514944682884,0.0043169520308887,"HSPB1/PPIB/CCT3/FKBP4/CCT6A/CCT7/CCT2/PDCD5",8
"Forestomach_epithelial","GO:0006457","protein folding","14/412","50/4524",9.49206433315582e-05,0.00508867253762841,0.00468876297227004,"HSPB1/HSPA1A/HSPD1/PPIB/PFDN5/CCT3/FKBP4/CCT4/CCT6A/TCP1/CCT7/CCT2/WDR83OS/PDCD5",14
"Forestomach_epithelial","GO:0097193","intrinsic apoptotic signaling pathway","17/412","69/4524",0.00010182239236077,0.00532870520021363,0.00490993190230881,"RPS3/RPL26/RACK1/S100A8/GPX1/SFN/UBB/PPIA/HSPB1/S100A9/VDAC2/HINT1/CRIP1/RPS27L/HNRNPK/NDUFA13/PARK7",17
"Forestomach_epithelial","GO:2001242","regulation of intrinsic apoptotic signaling pathway","13/412","45/4524",0.000118742982884493,0.0059148046172795,0.00544997082689802,"RPS3/RPL26/RACK1/S100A8/GPX1/UBB/PPIA/HSPB1/S100A9/VDAC2/HNRNPK/NDUFA13/PARK7",13
"Forestomach_epithelial","GO:2000112","regulation of cellular macromolecule biosynthetic process","23/412","111/4524",0.000119552839124027,0.0059148046172795,0.00544997082689802,"RPL10/RPS4X/RPS3/RPL13A/RPL26/RACK1/RPL38/GAPDH/EIF1/YBX1/EIF5A/PABPC1/EIF6/EIF3K/C1QBP/COA3/ITM2B/RPS27L/EIF4G2/NPM1/EIF3D/ZFP36/MAGOH",23
"Forestomach_epithelial","GO:0009150","purine ribonucleotide metabolic process","20/412","90/4524",0.000121094726013457,0.0059148046172795,0.00544997082689802,"GAPDH/NME2/ATP5PD/ATP5F1D/ENO1/RAN/ATP5ME/TPI1/AK2/EIF6/HINT1/ATP5PF/ATP5F1C/PGAM1/PGK1/APRT/STOML2/IMPDH2/GUK1/GPI",20
"Forestomach_epithelial","GO:0045727","positive regulation of translation","11/412","34/4524",0.00012955122320235,0.006190295404321,0.00570381129156344,"RPS4X/RPL26/YBX1/EIF5A/PABPC1/EIF6/C1QBP/COA3/RPS27L/NPM1/EIF3D",11
"Forestomach_epithelial","GO:0009201","ribonucleoside triphosphate biosynthetic process","8/412","19/4524",0.00013567192432931,0.00634482743991113,0.0058461989341454,"NME2/ATP5PD/ATP5F1D/ATP5ME/ATP5PF/ATP5F1C/STOML2/IMPDH2",8
"Forestomach_epithelial","GO:0097190","apoptotic signaling pathway","25/412","127/4524",0.000145721701376104,0.00667283957551409,0.00614843318964088,"RPS3/RPL26/RACK1/S100A8/GPX1/SFN/UBB/PPIA/HSPB1/S100A9/PRDX2/VDAC2/FAM162A/HINT1/CRIP1/SLC25A5/GABARAP/RPS27L/HNRNPK/PRELID1/NDUFA13/PPP1CA/PARK7/SFRP1/PDCD5",25
"Forestomach_epithelial","GO:0043281","regulation of cysteine-type endopeptidase activity involved in apoptotic process","13/412","46/4524",0.000152076458834657,0.0068217154391546,0.00628560916859033,"RPS3/RACK1/S100A8/GPX1/SFN/S100A9/PRDX5/FAM162A/RPS27L/NDUFA13/PARK7/BIRC5/PDCD5",13
"Forestomach_epithelial","GO:0009259","ribonucleotide metabolic process","20/412","94/4524",0.000227478998852347,0.00999997678954918,0.00921409671140876,"GAPDH/NME2/ATP5PD/ATP5F1D/ENO1/RAN/ATP5ME/TPI1/AK2/EIF6/HINT1/ATP5PF/ATP5F1C/PGAM1/PGK1/APRT/STOML2/IMPDH2/GUK1/GPI",20
"Forestomach_epithelial","GO:1902600","proton transmembrane transport","13/412","48/4524",0.000243404369850082,0.0104902510770683,0.00966584122995993,"COX4I1/COX6A1/ATP5F1D/COX5A/CYC1/SLC25A5/COX7B/UQCRFS1/ATP6V1F/ATP6V0E1/PHB2/PARK7/NDUFA4",13
"Forestomach_epithelial","GO:0019693","ribose phosphate metabolic process","20/412","95/4524",0.000264394349842491,0.011175745787573,0.0102974641517602,"GAPDH/NME2/ATP5PD/ATP5F1D/ENO1/RAN/ATP5ME/TPI1/AK2/EIF6/HINT1/ATP5PF/ATP5F1C/PGAM1/PGK1/APRT/STOML2/IMPDH2/GUK1/GPI",20
"Forestomach_epithelial","GO:1903312","negative regulation of mRNA metabolic process","7/412","16/4524",0.000272943002782939,0.0113194098135264,0.0104298378819141,"YBX1/PABPC1/C1QBP/SAP18/HNRNPK/ZFP36/RNPS1",7
"Forestomach_epithelial","GO:0006163","purine nucleotide metabolic process","20/412","96/4524",0.000306454428852203,0.0121691695670287,0.0112128165542662,"GAPDH/NME2/ATP5PD/ATP5F1D/ENO1/RAN/ATP5ME/TPI1/AK2/EIF6/HINT1/ATP5PF/ATP5F1C/PGAM1/PGK1/APRT/STOML2/IMPDH2/GUK1/GPI",20
"Forestomach_epithelial","GO:0032270","positive regulation of cellular protein metabolic process","41/412","262/4524",0.000308792018255644,0.0121691695670287,0.0112128165542662,"RPLP1/RPS4X/RPS3/RPL26/RACK1/S100A8/S100A10/UBB/TXN/PPIA/YBX1/S100A9/SUMO2/EIF5A/PABPC1/FAM162A/EIF6/UBE2S/C1QBP/COA3/CLDN4/RAC1/CKS2/GABARAP/RPS27L/NPM1/PIN1/HES1/PHB1/CD81/PRELID1/EIF3D/NDUFA13/PHB2/CSNK2B/PARK7/HSPA5/TPX2/RHOA/BRMS1/PDCD5",41
"Forestomach_epithelial","GO:2001233","regulation of apoptotic signaling pathway","18/412","82/4524",0.000310042536739585,0.0121691695670287,0.0112128165542662,"RPS3/RPL26/RACK1/S100A8/GPX1/UBB/PPIA/HSPB1/S100A9/PRDX2/VDAC2/SLC25A5/HNRNPK/PRELID1/NDUFA13/PPP1CA/PARK7/SFRP1",18
"Forestomach_epithelial","GO:1900407","regulation of cellular response to oxidative stress","6/412","12/4524",0.000315848252425459,0.0121795519093186,0.0112223829670652,"RACK1/GPX1/TXN/PPIA/HSPB1/PARK7",6
"Forestomach_epithelial","GO:0034250","positive regulation of cellular amide metabolic process","11/412","38/4524",0.000389653804065306,0.014620828538764,0.0134718040843742,"RPS4X/RPL26/YBX1/EIF5A/PABPC1/EIF6/C1QBP/COA3/RPS27L/NPM1/EIF3D",11
"Forestomach_epithelial","GO:0098869","cellular oxidant detoxification","12/412","44/4524",0.00039246082064926,0.014620828538764,0.0134718040843742,"S100A8/PRDX6/GPX1/S100A9/PRDX5/MGST3/PRXL2B/GLRX/GPX4/PARK7/PRDX4/SOD2",12
"Forestomach_epithelial","GO:0051247","positive regulation of protein metabolic process","42/412","274/4524",0.000410391404413921,0.01503400511503,0.0138525098612699,"RPLP1/RPS4X/RPS3/RPL26/RACK1/S100A8/S100A10/UBB/TXN/PPIA/YBX1/S100A9/SUMO2/EIF5A/PABPC1/FAM162A/EIF6/UBE2S/C1QBP/COA3/CLDN4/RAC1/CKS2/GABARAP/RPS27L/OAZ1/NPM1/PIN1/HES1/PHB1/CD81/PRELID1/EIF3D/NDUFA13/PHB2/CSNK2B/PARK7/HSPA5/TPX2/RHOA/BRMS1/PDCD5",42
"Forestomach_epithelial","GO:0043280","positive regulation of cysteine-type endopeptidase activity involved in apoptotic process","8/412","22/4524",0.000449023100547482,0.0161795536885797,0.0149080318456144,"RPS3/RACK1/S100A8/S100A9/FAM162A/RPS27L/NDUFA13/PDCD5",8
"Forestomach_epithelial","GO:0032268","regulation of cellular protein metabolic process","65/412","482/4524",0.000502392324710063,0.0178106182211729,0.0164109139684578,"RPLP1/RPL10/RPS4X/RPL11/RPL37/RPL23/RPS3/RPL13A/RPL26/RACK1/S100A8/S100A10/RPL38/HSP90AB1/GAPDH/GPX1/SFN/ANXA2/EIF1/UBB/TXN/PPIA/HSPB1/YBX1/S100A9/PRDX5/SUMO2/EIF5A/PABPC1/FAM162A/EIF6/EIF3K/UBE2S/C1QBP/COA3/CSTB/CLDN4/RAC1/CKS2/GABARAP/RPS27L/PEBP1/EIF4G2/NPM1/CST3/PIN1/HES1/PHB1/CD81/PRELID1/EIF3D/NDUFA13/PHB2/UBXN1/CSNK2B/PARK7/ZFP36/HSPA5/BIRC5/SFRP1/MAGOH/TPX2/RHOA/BRMS1/PDCD5",65
"Forestomach_epithelial","GO:0072521","purine-containing compound metabolic process","21/412","107/4524",0.000513598505448364,0.0179188811900873,0.0165106687465773,"GAPDH/NME2/ATP5PD/ATP5F1D/ENO1/RAN/ATP5ME/TPI1/AK2/EIF6/HINT1/ATP5PF/ATP5F1C/PGAM1/PGK1/APRT/STOML2/IMPDH2/PNP/GUK1/GPI",21
"Forestomach_epithelial","GO:0006754","ATP biosynthetic process","6/412","13/4524",0.000541833232887962,0.0186085850919959,0.0171461700670467,"ATP5PD/ATP5F1D/ATP5ME/ATP5PF/ATP5F1C/STOML2",6
"Forestomach_epithelial","GO:0051345","positive regulation of hydrolase activity","18/412","87/4524",0.000664268354050876,0.0224624898800588,0.0206972034525325,"RPS3/RACK1/S100A8/S100A10/S100A9/FAM162A/HMGB2/PCNA/CLDN4/RPS27L/PIN1/PHB1/PRELID1/NDUFA13/PHB2/SFRP1/RHOA/PDCD5",18
"Forestomach_epithelial","GO:2000116","regulation of cysteine-type endopeptidase activity","13/412","53/4524",0.000695739520541241,0.0231702343356007,0.0213493275521746,"RPS3/RACK1/S100A8/GPX1/SFN/S100A9/PRDX5/FAM162A/RPS27L/NDUFA13/PARK7/BIRC5/PDCD5",13
"Forestomach_epithelial","GO:0010950","positive regulation of endopeptidase activity","9/412","29/4524",0.000755741724281898,0.0247928404473375,0.0228444159861488,"RPS3/RACK1/S100A8/S100A9/FAM162A/RPS27L/PRELID1/NDUFA13/PDCD5",9
"Forestomach_epithelial","GO:0010952","positive regulation of peptidase activity","10/412","35/4524",0.000802569389030825,0.0259418752513199,0.0239031502243855,"RPS3/RACK1/S100A8/S100A9/FAM162A/CLDN4/RPS27L/PRELID1/NDUFA13/PDCD5",10
"Forestomach_epithelial","GO:0010608","post-transcriptional regulation of gene expression","23/412","126/4524",0.000826207698047768,0.0263189060914347,0.0242505508931183,"RPL10/RPS4X/RPS3/RPL13A/RPL26/RACK1/RPL38/GAPDH/EIF1/YBX1/EIF5A/PABPC1/EIF6/EIF3K/C1QBP/COA3/RPS27L/EIF4G2/NPM1/EIF3D/ZFP36/APEX1/MAGOH",23
"Forestomach_epithelial","GO:1902882","regulation of response to oxidative stress","6/412","14/4524",0.000876007708679957,0.0271568005187119,0.0250225967137597,"RACK1/GPX1/TXN/PPIA/HSPB1/PARK7",6
"Forestomach_epithelial","GO:0009142","nucleoside triphosphate biosynthetic process","8/412","24/4524",0.000877221490822814,0.0271568005187119,0.0250225967137597,"NME2/ATP5PD/ATP5F1D/ATP5ME/ATP5PF/ATP5F1C/STOML2/IMPDH2",8
"Forestomach_epithelial","GO:0006403","RNA localization","12/412","48/4524",0.000926275152706251,0.0282771220228936,0.0260548741784624,"YBX1/EIF5A/RAN/HNRNPA1/ALYREF/SEM1/TST/ZFP36/SSB/CCT2/MAGOH/ENY2",12
"Forestomach_epithelial","GO:0009117","nucleotide metabolic process","22/412","120/4524",0.00100512488975487,0.0302638973654961,0.0278855124425145,"GAPDH/NME2/ATP5PD/ATP5F1D/ENO1/RAN/ATP5ME/TPI1/AK2/EIF6/HINT1/ATP5PF/ATP5F1C/PGAM1/PGK1/APRT/STOML2/IMPDH2/PARK7/GUK1/GPI/NAXE",22
"Forestomach_epithelial","GO:2001056","positive regulation of cysteine-type endopeptidase activity","8/412","25/4524",0.00118910669174931,0.0340882284124655,0.0314092962336974,"RPS3/RACK1/S100A8/S100A9/FAM162A/RPS27L/NDUFA13/PDCD5",8
"Forestomach_epithelial","GO:0050657","nucleic acid transport","11/412","43/4524",0.00122645940136984,0.0340882284124655,0.0314092962336974,"YBX1/EIF5A/RAN/HNRNPA1/ALYREF/SEM1/TST/ZFP36/SSB/MAGOH/ENY2",11
"Forestomach_epithelial","GO:0050658","RNA transport","11/412","43/4524",0.00122645940136984,0.0340882284124655,0.0314092962336974,"YBX1/EIF5A/RAN/HNRNPA1/ALYREF/SEM1/TST/ZFP36/SSB/MAGOH/ENY2",11
"Forestomach_epithelial","GO:0051236","establishment of RNA localization","11/412","43/4524",0.00122645940136984,0.0340882284124655,0.0314092962336974,"YBX1/EIF5A/RAN/HNRNPA1/ALYREF/SEM1/TST/ZFP36/SSB/MAGOH/ENY2",11
"Forestomach_epithelial","GO:0042176","regulation of protein catabolic process","16/412","77/4524",0.00124691344990509,0.0340882284124655,0.0314092962336974,"RPL11/RPL23/RACK1/HSP90AB1/GPX1/ANXA2/UBB/SUMO2/GABARAP/OAZ1/PIN1/PHB1/CD81/NDUFA13/UBXN1/PARK7",16
"Forestomach_epithelial","GO:0009132","nucleoside diphosphate metabolic process","10/412","37/4524",0.00129008200006214,0.0340882284124655,0.0314092962336974,"GAPDH/NME2/ENO1/TPI1/AK2/EIF6/PGAM1/PGK1/GUK1/GPI",10
"Forestomach_epithelial","GO:2001235","positive regulation of apoptotic signaling pathway","9/412","31/4524",0.00129045229609883,0.0340882284124655,0.0314092962336974,"RPS3/RPL26/RACK1/S100A8/UBB/S100A9/PPP1CA/PARK7/SFRP1",9
"Forestomach_epithelial","GO:0043065","positive regulation of apoptotic process","20/412","107/4524",0.00131837315911533,0.0340882284124655,0.0314092962336974,"RPS3/RPL26/RACK1/S100A8/UBB/S100A9/IGFBP3/EIF5A/FAM162A/C1QBP/BTG1/SAP18/PRELID1/PPP1CA/PARK7/SFRP1/RNPS1/LGALS1/BRMS1/PDCD5",20
"Forestomach_epithelial","GO:0042981","regulation of apoptotic process","42/412","290/4524",0.0013468340098781,0.0340882284124655,0.0314092962336974,"RPS3A/RPS3/RPL26/RACK1/S100A8/GPX1/SFN/UBB/PPIA/HSPB1/NME2/HSP90AA1/S100A9/PRDX5/IGFBP3/EIF5A/PRDX2/CKMT1A/VDAC2/FAM162A/C1QBP/SLC25A5/PTMA/BTG1/SAP18/NPM1/DAD1/HNRNPK/PRELID1/NDUFA13/PPP1CA/PARK7/ZFP36/HSPA5/BIRC5/SFRP1/APEX1/RNPS1/RHOA/LGALS1/BRMS1/PDCD5",42
"Forestomach_epithelial","GO:0008630","intrinsic apoptotic signaling pathway in response to DNA damage","6/412","15/4524",0.00134903871831545,0.0340882284124655,0.0314092962336974,"RPS3/RPL26/SFN/CRIP1/RPS27L/HNRNPK",6
"Forestomach_epithelial","GO:0036473","cell death in response to oxidative stress","6/412","15/4524",0.00134903871831545,0.0340882284124655,0.0314092962336974,"RACK1/GPX1/TXN/PPIA/HSPB1/PARK7",6
"Forestomach_epithelial","GO:0043067","regulation of programmed cell death","43/412","299/4524",0.00136328532051962,0.0340882284124655,0.0314092962336974,"RPS3A/RPS3/RPL26/RACK1/S100A8/GPX1/SFN/UBB/PPIA/HSPB1/NME2/HSP90AA1/S100A9/PRDX5/IGFBP3/EIF5A/PRDX2/CKMT1A/VDAC2/FAM162A/C1QBP/SLC25A5/PTMA/BTG1/SAP18/NPM1/DAD1/HNRNPK/PRELID1/NDUFA13/PPP1CA/GPX4/PARK7/ZFP36/HSPA5/BIRC5/SFRP1/APEX1/RNPS1/RHOA/LGALS1/BRMS1/PDCD5",43
"Forestomach_epithelial","GO:0097237","cellular response to toxic substance","12/412","50/4524",0.00136476983634985,0.0340882284124655,0.0314092962336974,"S100A8/PRDX6/GPX1/S100A9/PRDX5/MGST3/PRXL2B/GLRX/GPX4/PARK7/PRDX4/SOD2",12
"Forestomach_epithelial","GO:0098754","detoxification","12/412","50/4524",0.00136476983634985,0.0340882284124655,0.0314092962336974,"S100A8/PRDX6/GPX1/S100A9/PRDX5/MGST3/PRXL2B/GLRX/GPX4/PARK7/PRDX4/SOD2",12
"Forestomach_epithelial","GO:1990748","cellular detoxification","12/412","50/4524",0.00136476983634985,0.0340882284124655,0.0314092962336974,"S100A8/PRDX6/GPX1/S100A9/PRDX5/MGST3/PRXL2B/GLRX/GPX4/PARK7/PRDX4/SOD2",12
"Forestomach_epithelial","GO:0006753","nucleoside phosphate metabolic process","22/412","123/4524",0.00141009690908695,0.0348246405187991,0.0320878350453376,"GAPDH/NME2/ATP5PD/ATP5F1D/ENO1/RAN/ATP5ME/TPI1/AK2/EIF6/HINT1/ATP5PF/ATP5F1C/PGAM1/PGK1/APRT/STOML2/IMPDH2/PARK7/GUK1/GPI/NAXE",22
"Forestomach_epithelial","GO:0043068","positive regulation of programmed cell death","20/412","108/4524",0.00148504418125137,0.0362680790043389,0.0334178363126038,"RPS3/RPL26/RACK1/S100A8/UBB/S100A9/IGFBP3/EIF5A/FAM162A/C1QBP/BTG1/SAP18/PRELID1/PPP1CA/PARK7/SFRP1/RNPS1/LGALS1/BRMS1/PDCD5",20
"Forestomach_epithelial","GO:0050821","protein stabilization","12/412","51/4524",0.00164123451285639,0.0382637481028756,0.035256669388407,"RPL23/GAPDH/ATP1B3/PPIB/CCT3/PIN1/PHB1/CALR/CCT6A/CCT7/PARK7/CCT2",12
"Forestomach_epithelial","GO:0009135","purine nucleoside diphosphate metabolic process","9/412","32/4524",0.00165380166959653,0.0382637481028756,0.035256669388407,"GAPDH/ENO1/TPI1/AK2/EIF6/PGAM1/PGK1/GUK1/GPI",9
"Forestomach_epithelial","GO:0009141","nucleoside triphosphate metabolic process","9/412","32/4524",0.00165380166959653,0.0382637481028756,0.035256669388407,"NME2/ATP5PD/ATP5F1D/RAN/ATP5ME/ATP5PF/ATP5F1C/STOML2/IMPDH2",9
"Forestomach_epithelial","GO:0009179","purine ribonucleoside diphosphate metabolic process","9/412","32/4524",0.00165380166959653,0.0382637481028756,0.035256669388407,"GAPDH/ENO1/TPI1/AK2/EIF6/PGAM1/PGK1/GUK1/GPI",9
"Forestomach_epithelial","GO:0009185","ribonucleoside diphosphate metabolic process","9/412","32/4524",0.00165380166959653,0.0382637481028756,0.035256669388407,"GAPDH/ENO1/TPI1/AK2/EIF6/PGAM1/PGK1/GUK1/GPI",9
"Forestomach_epithelial","GO:0010941","regulation of cell death","45/412","320/4524",0.00168641737542778,0.0386119311582318,0.0355774893675773,"RPS3A/RPS3/RPL26/RACK1/S100A8/GPX1/SFN/UBB/TXN/PPIA/HSPB1/NME2/HSP90AA1/S100A9/PRDX5/IGFBP3/EIF5A/PRDX2/CKMT1A/VDAC2/FAM162A/C1QBP/SLC25A5/PTMA/BTG1/SAP18/NPM1/PHB1/DAD1/HNRNPK/PRELID1/NDUFA13/PPP1CA/GPX4/PARK7/ZFP36/HSPA5/BIRC5/SFRP1/APEX1/RNPS1/RHOA/LGALS1/BRMS1/PDCD5",45
"Forestomach_epithelial","GO:1903362","regulation of cellular protein catabolic process","12/412","52/4524",0.00196220518130021,0.0444631648298749,0.0409688851744071,"RPL11/RPL23/RACK1/HSP90AB1/GPX1/ANXA2/UBB/SUMO2/GABARAP/CD81/UBXN1/PARK7",12
"Forestomach_epithelial","GO:0006414","translational elongation","6/412","16/4524",0.00199469614763496,0.0446332141220553,0.0411255706004666,"RPLP1/RPLP2/RACK1/EEF1G/EIF5A/TUFM",6
"Forestomach_epithelial","GO:0006915","apoptotic process","55/412","414/4524",0.00201032220112988,0.0446332141220553,0.0411255706004666,"RPS3A/SLC25A6/RPS3/RPL26/RACK1/S100A8/GAPDH/GPX1/SFN/UBB/PPIA/HSPB1/NME2/HSP90AA1/S100A9/PRDX5/IGFBP3/EIF5A/PRDX2/CYCS/CKMT1A/VDAC2/DYNLL1/FAM162A/HINT1/CRIP1/C1QBP/SLC25A5/S100A14/PTMA/GABARAP/BTG1/RPS27L/VDAC1/SAP18/NPM1/DAD1/HNRNPK/PRELID1/NDUFA13/PPP1CA/PARK7/ZFP36/HSPA5/BIRC5/CKAP2/KDELR1/SFRP1/APEX1/RNPS1/TPX2/RHOA/LGALS1/BRMS1/PDCD5",55
"Forestomach_epithelial","GO:0034614","cellular response to reactive oxygen species","8/412","27/4524",0.00207445810638397,0.0451451378003166,0.0415972631233222,"RPS3/RACK1/TXN/PRDX5/FOS/ROMO1/PARK7/SOD2",8
"Forestomach_epithelial","GO:2000058","regulation of ubiquitin-dependent protein catabolic process","8/412","27/4524",0.00207445810638397,0.0451451378003166,0.0415972631233222,"RPL11/RPL23/RACK1/HSP90AB1/SUMO2/GABARAP/UBXN1/PARK7",8
"Forestomach_epithelial","GO:0010942","positive regulation of cell death","21/412","119/4524",0.0021396493215111,0.0461073451831509,0.0424838523693225,"RPS3/RPL26/RACK1/S100A8/UBB/S100A9/IGFBP3/EIF5A/FAM162A/C1QBP/BTG1/SAP18/PHB1/PRELID1/PPP1CA/PARK7/SFRP1/RNPS1/LGALS1/BRMS1/PDCD5",21
"Kidney","GO:0006082","organic acid metabolic process","25/148","277/4524",2.35714829409576e-06,0.00215456548170514,0.00204004869738971,"UOX/HAO2/ACMSD/THEM4/PRODH2/SCD5/SLC1A3/ACSM1/ALDOB/DPEP1/HACD2/MTHFD1L/PLA2G4A/GCDH/DPYD/DDAH1/ALDH8A1/DDC/ACO1/HOGA1/ALDH4A1/HPGD/PSEN1/ALDH6A1/ELOVL7",25
"Kidney","GO:0006820","anion transport","14/148","98/4524",2.65667753601127e-06,0.00215456548170514,0.00204004869738971,"SLC5A12/SLC4A4/SLC25A21/SLC22A6/PDZK1/SLC1A5/SLC1A3/SLC43A2/SFXN1/CERT1/PACC1/PROCA1/PSEN1/CLIC5",14
"Kidney","GO:0019752","carboxylic acid metabolic process","24/148","270/4524",5.05851678356048e-06,0.00218868728356655,0.00207235689968434,"HAO2/ACMSD/THEM4/PRODH2/SCD5/SLC1A3/ACSM1/ALDOB/DPEP1/HACD2/MTHFD1L/PLA2G4A/GCDH/DPYD/DDAH1/ALDH8A1/DDC/ACO1/HOGA1/ALDH4A1/HPGD/PSEN1/ALDH6A1/ELOVL7",24
"Kidney","GO:0043436","oxoacid metabolic process","24/148","271/4524",5.39750254886942e-06,0.00218868728356655,0.00207235689968434,"HAO2/ACMSD/THEM4/PRODH2/SCD5/SLC1A3/ACSM1/ALDOB/DPEP1/HACD2/MTHFD1L/PLA2G4A/GCDH/DPYD/DDAH1/ALDH8A1/DDC/ACO1/HOGA1/ALDH4A1/HPGD/PSEN1/ALDH6A1/ELOVL7",24
"Kidney","GO:0046942","carboxylic acid transport","9/148","46/4524",1.31767344683315e-05,0.00427453266152674,0.00404733801879909,"SLC5A12/SLC25A21/SLC22A6/SLC1A5/SLC1A3/SLC43A2/SFXN1/PROCA1/PSEN1",9
"Kidney","GO:0015849","organic acid transport","9/148","52/4524",3.72050711855277e-05,0.0100577709104876,0.00952319278240085,"SLC5A12/SLC25A21/SLC22A6/SLC1A5/SLC1A3/SLC43A2/SFXN1/PROCA1/PSEN1",9
"Kidney","GO:0006811","ion transport","25/148","330/4524",5.15101834110017e-05,0.0119356453560921,0.0113012567814513,"SLC5A12/CLDN10/SLC4A4/SLC25A21/SLC22A6/PDZK1/SLC1A5/SLC1A3/FXYD2/AQP1/TCN2/ATP1A1/KCNMA1/SLC43A2/SFXN1/CERT1/PACC1/ITPR1/CLIC4/PROCA1/PKD2/SLC22A1/EPB41/PSEN1/CLIC5",25
"Kidney","GO:0015711","organic anion transport","10/148","68/4524",5.90875995191148e-05,0.0119800108025005,0.0113432641708406,"SLC5A12/SLC25A21/SLC22A6/SLC1A5/SLC1A3/SLC43A2/SFXN1/CERT1/PROCA1/PSEN1",10
"Kidney","GO:1903825","organic acid transmembrane transport","6/148","26/4524",0.00014831492176361,0.0240566803100576,0.022778049563485,"SLC5A12/SLC25A21/SLC1A3/SLC43A2/SFXN1/PSEN1",6
"Kidney","GO:1905039","carboxylic acid transmembrane transport","6/148","26/4524",0.00014831492176361,0.0240566803100576,0.022778049563485,"SLC5A12/SLC25A21/SLC1A3/SLC43A2/SFXN1/PSEN1",6
"Kidney","GO:0032787","monocarboxylic acid metabolic process","15/148","162/4524",0.000222991233291936,0.0328810709454109,0.0311334171648741,"HAO2/THEM4/SCD5/SLC1A3/ACSM1/ALDOB/HACD2/MTHFD1L/PLA2G4A/GCDH/ALDH8A1/HOGA1/HPGD/PSEN1/ELOVL7",15
"Kidney","GO:0015804","neutral amino acid transport","4/148","11/4524",0.000303412124985318,0.0410112055605155,0.0388314289783842,"SLC1A5/SLC1A3/SLC43A2/SFXN1",4
"Heart","GO:0003008","system process","33/124","334/4524",2.65327800152436e-11,4.30361691847251e-08,3.67548826316427e-08,"SLC8A1/MYOZ2/CAMK2D/CD36/CSRP3/MYL2/TNNC1/TNNT2/SOBP/NPR3/CLIC5/ASB2/RETREG1/ATP2B4/MEF2C/EDNRA/APP/HOMER1/KCNJ5/ABCC1/CAV1/MEF2A/TUSC3/SCN3B/ABCG2/FBXO32/ATP1A2/PDE2A/RIPOR2/FYN/ADRA1A/SLC4A10/ROCK2",33
"Heart","GO:0003015","heart process","13/124","50/4524",3.93924222094237e-10,2.75941736731092e-07,2.35667029358243e-07,"SLC8A1/CSRP3/MYL2/TNNC1/ATP2B4/EDNRA/KCNJ5/CAV1/MEF2A/SCN3B/ATP1A2/FYN/ADRA1A",13
"Heart","GO:0003012","muscle system process","16/124","84/4524",5.10373125889812e-10,2.75941736731092e-07,2.35667029358243e-07,"MYOZ2/CAMK2D/CSRP3/TNNC1/TNNT2/ASB2/ATP2B4/EDNRA/HOMER1/KCNJ5/CAV1/SCN3B/FBXO32/ATP1A2/ADRA1A/ROCK2",16
"Heart","GO:0060537","muscle tissue development","15/124","75/4524",8.99879646891512e-10,3.64901196814508e-07,3.11642530344534e-07,"ANKRD1/MYOZ2/FHL2/SEMA3C/CSRP3/TNNC1/ASB2/MEF2C/EDNRA/HOMER1/CAV1/MEF2A/ACTA1/IP6K3/RIPOR2",15
"Heart","GO:0008016","regulation of heart contraction","11/124","39/4524",3.67842950953236e-09,1.11307949075543e-06,9.50621461375915e-07,"SLC8A1/CSRP3/MYL2/ATP2B4/EDNRA/KCNJ5/CAV1/MEF2A/SCN3B/ATP1A2/ADRA1A",11
"Heart","GO:0060047","heart contraction","12/124","49/4524",4.11743338133945e-09,1.11307949075543e-06,9.50621461375915e-07,"SLC8A1/CSRP3/MYL2/TNNC1/ATP2B4/EDNRA/KCNJ5/CAV1/MEF2A/SCN3B/ATP1A2/ADRA1A",12
"Heart","GO:0044057","regulation of system process","16/124","104/4524",1.33809560263851e-08,3.1005586678281e-06,2.64802077153727e-06,"SLC8A1/CAMK2D/CSRP3/MYL2/TNNC1/TNNT2/ATP2B4/EDNRA/HOMER1/KCNJ5/CAV1/MEF2A/SCN3B/FBXO32/ATP1A2/ADRA1A",16
"Heart","GO:0055001","muscle cell development","10/124","35/4524",1.71066031575676e-08,3.46836379019684e-06,2.96214338886303e-06,"MYOZ2/FHL2/CSRP3/ASB2/EDNRA/HOMER1/MEF2A/ACTA1/TMEM182/RIPOR2",10
"Heart","GO:0003013","circulatory system process","16/124","107/4524",2.04013617963419e-08,3.67677875929628e-06,3.14013942970595e-06,"SLC8A1/CSRP3/MYL2/TNNC1/NPR3/ATP2B4/EDNRA/KCNJ5/ABCC1/CAV1/MEF2A/SCN3B/ATP1A2/PDE2A/FYN/ADRA1A",16
"Heart","GO:1903522","regulation of blood circulation","11/124","47/4524",3.17394713186454e-08,5.14814224788429e-06,4.39675202687762e-06,"SLC8A1/CSRP3/MYL2/ATP2B4/EDNRA/KCNJ5/CAV1/MEF2A/SCN3B/ATP1A2/ADRA1A",11
"Heart","GO:0061061","muscle structure development","16/124","117/4524",7.52039743647339e-08,1.10891678563271e-05,9.47066318315692e-06,"ANKRD1/MYOZ2/FHL2/QKI/CSRP3/TNNC1/ASB2/MEF2C/EDNRA/HOMER1/CAV1/MEF2A/ACTA1/TMEM182/IP6K3/RIPOR2",16
"Heart","GO:0042692","muscle cell differentiation","12/124","68/4524",2.08975711005947e-07,2.82465502709705e-05,2.4123862779283e-05,"MYOZ2/FHL2/QKI/CSRP3/ASB2/MEF2C/EDNRA/HOMER1/MEF2A/ACTA1/TMEM182/RIPOR2",12
"Heart","GO:0014706","striated muscle tissue development","9/124","35/4524",2.52708700345754e-07,3.15302701508317e-05,2.69283117129564e-05,"ANKRD1/FHL2/SEMA3C/CSRP3/TNNC1/ASB2/MEF2C/EDNRA/MEF2A",9
"Heart","GO:0008015","blood circulation","14/124","101/4524",4.41425574181346e-07,5.11423058087245e-05,4.36778989189963e-05,"SLC8A1/CSRP3/MYL2/TNNC1/NPR3/ATP2B4/EDNRA/KCNJ5/CAV1/MEF2A/SCN3B/ATP1A2/PDE2A/ADRA1A",14
"Heart","GO:0051146","striated muscle cell differentiation","10/124","49/4524",5.53226360723117e-07,5.98222104728597e-05,5.10909396990612e-05,"MYOZ2/FHL2/CSRP3/ASB2/MEF2C/HOMER1/MEF2A/ACTA1/TMEM182/RIPOR2",10
"Heart","GO:0006936","muscle contraction","11/124","62/4524",6.53558327490763e-07,6.62544754493761e-05,5.6584392038016e-05,"TNNC1/TNNT2/ATP2B4/EDNRA/HOMER1/KCNJ5/CAV1/SCN3B/ATP1A2/ADRA1A/ROCK2",11
"Heart","GO:0007517","muscle organ development","11/124","65/4524",1.07338635025942e-06,0.000102413685889457,8.74660332471449e-05,"ANKRD1/MYOZ2/CSRP3/TNNC1/MEF2C/EDNRA/HOMER1/CAV1/ACTA1/IP6K3/RIPOR2",11
"Heart","GO:0048738","cardiac muscle tissue development","8/124","31/4524",1.18123397430158e-06,0.000106442305906509,9.09066614140867e-05,"ANKRD1/FHL2/CSRP3/TNNC1/ASB2/MEF2C/EDNRA/MEF2A",8
"Heart","GO:0048468","cell development","25/124","331/4524",2.13305030350414e-06,0.000182095136435985,0.000155517684177919,"MYOZ2/FHL2/SEMA3C/QKI/CSRP3/CNTN1/ASB2/GPM6A/MEF2C/RAPGEF2/EDNRA/HOMER1/CAMK2B/MEF2A/RFX2/CDH2/ACTA1/DPYSL2/TMOD1/TMEM182/PDE2A/RIPOR2/FYN/ALCAM/SLC4A10",25
"Heart","GO:0035051","cardiocyte differentiation","7/124","24/4524",2.3048295099775e-06,0.000186921673259175,0.00015963977027002,"FHL2/SEMA3C/CSRP3/ASB2/MEF2C/EDNRA/MEF2A",7
"Heart","GO:0032989","cellular component morphogenesis","13/124","105/4524",4.3211897769834e-06,0.000333760467536527,0.000285046904586975,"MYOZ2/SEMA3C/CSRP3/GPM6A/RAPGEF2/EDNRA/CAMK2B/MEF2A/RFX2/ACTA1/DPYSL2/FYN/ALCAM",13
"Heart","GO:0006811","ion transport","24/124","330/4524",6.88676112131214e-06,0.000497134849500765,0.000424576196990724,"SLC8A1/CACNB2/PLN/CLIC5/ATP2B4/EDNRA/ATP1B4/HOMER1/NNT/ABCC1/CAV1/TUSC3/SCN3B/SLC20A2/ABCG2/ATP2C1/GABRB1/ATP1A2/MICU1/SLC25A4/GABRA2/FYN/CYBB/SLC4A10",24
"Heart","GO:0006941","striated muscle contraction","7/124","28/4524",7.19637125694724e-06,0.000497134849500765,0.000424576196990724,"TNNC1/HOMER1/KCNJ5/CAV1/SCN3B/ATP1A2/ADRA1A",7
"Heart","GO:0007519","skeletal muscle tissue development","8/124","39/4524",7.66237437578244e-06,0.000497134849500765,0.000424576196990724,"ANKRD1/MYOZ2/MEF2C/HOMER1/CAV1/ACTA1/IP6K3/RIPOR2",8
"Heart","GO:0060538","skeletal muscle organ development","8/124","39/4524",7.66237437578244e-06,0.000497134849500765,0.000424576196990724,"ANKRD1/MYOZ2/MEF2C/HOMER1/CAV1/ACTA1/IP6K3/RIPOR2",8
"Heart","GO:0034220","ion transmembrane transport","19/124","230/4524",1.19584836406614e-05,0.000746025402505877,0.000637140261988276,"SLC8A1/CACNB2/PLN/CLIC5/ATP2B4/EDNRA/HOMER1/NNT/CAV1/TUSC3/SCN3B/ATP2C1/ATP1A2/MICU1/SLC25A4/GABRA2/FYN/CYBB/SLC4A10",19
"Heart","GO:0006874","cellular calcium ion homeostasis","10/124","73/4524",2.3963672148452e-05,0.00143959541573293,0.00122948119093033,"SLC8A1/CD36/CSRP3/ATP2B4/EDNRA/CAV1/ATP2C1/ATP1A2/MICU1/FYN",10
"Heart","GO:0007507","heart development","10/124","75/4524",3.05214319213194e-05,0.00170709526125448,0.00145793845402745,"ANKRD1/FHL2/SEMA3C/CSRP3/MYL2/TNNC1/ASB2/MEF2C/EDNRA/MEF2A",10
"Heart","GO:0055074","calcium ion homeostasis","10/124","75/4524",3.05214319213194e-05,0.00170709526125448,0.00145793845402745,"SLC8A1/CD36/CSRP3/ATP2B4/EDNRA/CAV1/ATP2C1/ATP1A2/MICU1/FYN",10
"Heart","GO:0030029","actin filament-based process","14/124","145/4524",3.37291775729392e-05,0.00179921424323644,0.00153661233311646,"MYOZ2/CSRP3/TNNC1/ASB2/KCNJ5/CAV1/MEF2A/SCN3B/ACTA1/ATP2C1/TMOD1/CTNNA1/MSRB1/ROCK2",14
"Heart","GO:0055007","cardiac muscle cell differentiation","5/124","15/4524",3.43869553269603e-05,0.00179921424323644,0.00153661233311646,"FHL2/CSRP3/ASB2/MEF2C/MEF2A",5
"Heart","GO:0072503","cellular divalent inorganic cation homeostasis","10/124","77/4524",3.85606620890052e-05,0.00195454355963645,0.00166927076674772,"SLC8A1/CD36/CSRP3/ATP2B4/EDNRA/CAV1/ATP2C1/ATP1A2/MICU1/FYN",10
"Heart","GO:0030001","metal ion transport","15/124","168/4524",4.4044521866534e-05,0.00216485498386419,0.00184888646814542,"SLC8A1/CACNB2/PLN/ATP2B4/EDNRA/ATP1B4/HOMER1/CAV1/TUSC3/SCN3B/SLC20A2/ATP2C1/MICU1/FYN/SLC4A10",15
"Heart","GO:0072507","divalent inorganic cation homeostasis","10/124","79/4524",4.83464259441837e-05,0.00230640890827841,0.00196978007871659,"SLC8A1/CD36/CSRP3/ATP2B4/EDNRA/CAV1/ATP2C1/ATP1A2/MICU1/FYN",10
"Heart","GO:0009653","anatomical structure morphogenesis","28/124","474/4524",5.4878841829948e-05,0.00248498049951274,0.00212228849202334,"ANKRD1/MYOZ2/FHL2/SEMA3C/FGF1/ACTC1/QKI/CSRP3/TNNC1/SOBP/ATP2B4/PALMD/GPM6A/MEF2C/RAPGEF2/EDNRA/CAMK2B/CAV1/MEF2A/RFX2/ACTA1/TSPAN12/DPYSL2/TMEM182/RIPOR2/FYN/ALCAM/SLC4A10",28
"Heart","GO:0043500","muscle adaptation","6/124","26/4524",5.51536978930078e-05,0.00248498049951274,0.00212228849202334,"MYOZ2/CAMK2D/TNNC1/ASB2/ATP2B4/FBXO32",6
"Heart","GO:0055085","transmembrane transport","22/124","331/4524",7.17720657658548e-05,0.00314633218033018,0.00268711347220099,"SLC8A1/CACNB2/SLCO3A1/PLN/CLIC5/ATP2B4/EDNRA/HOMER1/NNT/ABCC1/CAV1/TUSC3/SCN3B/ABCG2/ATP2C1/ATP1A2/MICU1/SLC25A4/GABRA2/FYN/CYBB/SLC4A10",22
"Heart","GO:0006816","calcium ion transport","10/124","83/4524",7.43941776902331e-05,0.00317545674246205,0.00271198719779354,"SLC8A1/CACNB2/PLN/ATP2B4/EDNRA/HOMER1/CAV1/ATP2C1/MICU1/FYN",10
"Heart","GO:0090257","regulation of muscle system process","8/124","53/4524",8.00046679016795e-05,0.00332737362401344,0.00284173125394359,"CAMK2D/TNNC1/TNNT2/ATP2B4/CAV1/FBXO32/ATP1A2/ADRA1A",8
"Heart","GO:0009888","tissue development","22/124","335/4524",8.60119961464395e-05,0.00348778644373812,0.00297873123496617,"ANKRD1/MYOZ2/FHL2/SEMA3C/FGF1/ACTC1/CSRP3/TNNC1/ASB2/MEF2C/RAPGEF2/EDNRA/HOMER1/CAV1/MEF2A/CDH2/ACTA1/ATP2C1/TMOD1/PDE2A/IP6K3/RIPOR2",22
"Heart","GO:0014904","myotube cell development","4/124","10/4524",9.93893766859862e-05,0.00393194070694316,0.00335805955632241,"HOMER1/ACTA1/TMEM182/RIPOR2",4
"Heart","GO:0098655","cation transmembrane transport","15/124","181/4524",0.000104408695069521,0.00403216436673245,0.00344365520580174,"SLC8A1/CACNB2/PLN/ATP2B4/EDNRA/HOMER1/NNT/CAV1/TUSC3/SCN3B/ATP2C1/MICU1/SLC25A4/FYN/SLC4A10",15
"Heart","GO:0098662","inorganic cation transmembrane transport","14/124","161/4524",0.00010751677390901,0.00405563272745148,0.00346369827329882,"SLC8A1/CACNB2/PLN/ATP2B4/EDNRA/NNT/CAV1/TUSC3/SCN3B/ATP2C1/MICU1/SLC25A4/FYN/SLC4A10",14
"Heart","GO:0048812","neuron projection morphogenesis","9/124","73/4524",0.000144294702167756,0.00506066423777072,0.00432204175281087,"SEMA3C/GPM6A/RAPGEF2/EDNRA/CAMK2B/MEF2A/DPYSL2/FYN/ALCAM",9
"Heart","GO:0003208","cardiac ventricle morphogenesis","4/124","11/4524",0.000152880732213789,0.00506066423777072,0.00432204175281087,"SEMA3C/TNNC1/MEF2C/EDNRA",4
"Heart","GO:0014888","striated muscle adaptation","4/124","11/4524",0.000152880732213789,0.00506066423777072,0.00432204175281087,"MYOZ2/TNNC1/ASB2/ATP2B4",4
"Heart","GO:0055006","cardiac cell development","4/124","11/4524",0.000152880732213789,0.00506066423777072,0.00432204175281087,"FHL2/CSRP3/ASB2/MEF2A",4
"Heart","GO:0055013","cardiac muscle cell development","4/124","11/4524",0.000152880732213789,0.00506066423777072,0.00432204175281087,"FHL2/CSRP3/ASB2/MEF2A",4
"Heart","GO:0061337","cardiac conduction","4/124","11/4524",0.000152880732213789,0.00506066423777072,0.00432204175281087,"KCNJ5/CAV1/MEF2A/SCN3B",4
"Heart","GO:0003206","cardiac chamber morphogenesis","5/124","20/4524",0.000158992137267164,0.00515770493294679,0.00440491900302289,"FHL2/SEMA3C/TNNC1/MEF2C/EDNRA",5
"Heart","GO:0072359","circulatory system development","16/124","212/4524",0.000183955734286597,0.00585051374535021,0.00499660983119014,"ANKRD1/FHL2/SEMA3C/FGF1/QKI/CSRP3/MYL2/TNNC1/ASB2/ATP2B4/MEF2C/RAPGEF2/EDNRA/CAV1/MEF2A/TSPAN12",16
"Heart","GO:0006812","cation transport","17/124","236/4524",0.000201456749604614,0.00624716765984017,0.0053353706537411,"SLC8A1/CACNB2/PLN/ATP2B4/EDNRA/ATP1B4/HOMER1/NNT/CAV1/TUSC3/SCN3B/SLC20A2/ATP2C1/MICU1/SLC25A4/FYN/SLC4A10",17
"Heart","GO:0003205","cardiac chamber development","5/124","21/4524",0.000204130632534851,0.00624716765984017,0.0053353706537411,"FHL2/SEMA3C/TNNC1/MEF2C/EDNRA",5
"Heart","GO:0098660","inorganic ion transmembrane transport","14/124","172/4524",0.000218102795758744,0.00655116175408673,0.00559499569626721,"SLC8A1/CACNB2/PLN/ATP2B4/EDNRA/NNT/CAV1/TUSC3/SCN3B/ATP2C1/MICU1/SLC25A4/FYN/SLC4A10",14
"Heart","GO:0009887","animal organ morphogenesis","13/124","152/4524",0.000227005464857376,0.00669459752724842,0.0057174964928671,"ANKRD1/FHL2/SEMA3C/FGF1/ACTC1/TNNC1/SOBP/MEF2C/EDNRA/CAV1/ACTA1/TSPAN12/SLC4A10",13
"Heart","GO:0060048","cardiac muscle contraction","5/124","22/4524",0.000258416408400932,0.00748484668618414,0.00639240589202305,"TNNC1/KCNJ5/CAV1/SCN3B/ADRA1A",5
"Heart","GO:0030003","cellular cation homeostasis","11/124","115/4524",0.00026693474037815,0.00759593243672561,0.00648727827031663,"SLC8A1/CD36/CSRP3/ATP2B4/EDNRA/CAV1/BCL2/ATP2C1/ATP1A2/MICU1/FYN",11
"Heart","GO:0048858","cell projection morphogenesis","9/124","80/4524",0.00029326711079426,0.0080623602323439,0.00688562922043259,"SEMA3C/GPM6A/RAPGEF2/EDNRA/CAMK2B/MEF2A/DPYSL2/FYN/ALCAM",9
"Heart","GO:0120039","plasma membrane bounded cell projection morphogenesis","9/124","80/4524",0.00029326711079426,0.0080623602323439,0.00688562922043259,"SEMA3C/GPM6A/RAPGEF2/EDNRA/CAMK2B/MEF2A/DPYSL2/FYN/ALCAM",9
"Heart","GO:0010927","cellular component assembly involved in morphogenesis","5/124","23/4524",0.000323011899585872,0.00873208835213807,0.00745760806763171,"MYOZ2/CSRP3/MEF2A/RFX2/ACTA1",5
"Heart","GO:0006875","cellular metal ion homeostasis","10/124","99/4524",0.000328887369206642,0.00874516906316678,0.00746877960096533,"SLC8A1/CD36/CSRP3/ATP2B4/EDNRA/CAV1/ATP2C1/ATP1A2/MICU1/FYN",10
"Heart","GO:0006873","cellular ion homeostasis","11/124","118/4524",0.000334805726725731,0.00875894981853444,0.00748054900460206,"SLC8A1/CD36/CSRP3/ATP2B4/EDNRA/CAV1/BCL2/ATP2C1/ATP1A2/MICU1/FYN",11
"Heart","GO:0009719","response to endogenous stimulus","18/124","270/4524",0.000340607351833534,0.00876928769323798,0.0074893780286204,"ANKRD1/FHL2/CD36/FGF1/ABHD2/CSRP3/LPL/ATP2B4/MEF2C/RAPGEF2/EDNRA/RBFOX2/CAV1/FBXO32/GABRB1/ATP1A2/PDE2A/FYN",18
"Heart","GO:0009612","response to mechanical stimulus","5/124","24/4524",0.000399139089737362,0.0101156813055313,0.00863926056076263,"ANKRD1/CSRP3/ATP1A2/PDE2A/FYN",5
"Heart","GO:0032990","cell part morphogenesis","9/124","84/4524",0.000424534073731752,0.0105937579629677,0.00904756017863945,"SEMA3C/GPM6A/RAPGEF2/EDNRA/CAMK2B/MEF2A/DPYSL2/FYN/ALCAM",9
"Heart","GO:0003231","cardiac ventricle development","4/124","14/4524",0.00043498067241175,0.0106899795553312,0.00912973787709511,"SEMA3C/TNNC1/MEF2C/EDNRA",4
"Heart","GO:0048646","anatomical structure formation involved in morphogenesis","15/124","209/4524",0.000510608558927198,0.0123612997399987,0.0105571227580234,"MYOZ2/FHL2/SEMA3C/FGF1/CSRP3/ATP2B4/MEF2C/EDNRA/CAV1/MEF2A/RFX2/ACTA1/TSPAN12/TMEM182/RIPOR2",15
"Heart","GO:0048667","cell morphogenesis involved in neuron differentiation","8/124","69/4524",0.000522909218846459,0.0124729228377788,0.0106524540557576,"SEMA3C/RAPGEF2/EDNRA/CAMK2B/MEF2A/DPYSL2/FYN/ALCAM",8
"Heart","GO:0071407","cellular response to organic cyclic compound","10/124","106/4524",0.000571840149083045,0.0129015905275424,0.0110185561258004,"ABHD2/ATP2B4/MEF2C/RAPGEF2/RBFOX2/CAV1/FBXO32/GABRB1/ATP1A2/PDE2A",10
"Heart","GO:0002027","regulation of heart rate","4/124","15/4524",0.000580651114988037,0.0129015905275424,0.0110185561258004,"EDNRA/KCNJ5/CAV1/SCN3B",4
"Heart","GO:0030239","myofibril assembly","4/124","15/4524",0.000580651114988037,0.0129015905275424,0.0110185561258004,"MYOZ2/CSRP3/MEF2A/ACTA1",4
"Heart","GO:0055002","striated muscle cell development","4/124","15/4524",0.000580651114988037,0.0129015905275424,0.0110185561258004,"MYOZ2/CSRP3/MEF2A/ACTA1",4
"Heart","GO:0070252","actin-mediated cell contraction","4/124","15/4524",0.000580651114988037,0.0129015905275424,0.0110185561258004,"TNNC1/KCNJ5/CAV1/SCN3B",4
"Heart","GO:0048666","neuron development","12/124","147/4524",0.00061220438540076,0.0134188582854058,0.0114603267594225,"SEMA3C/CNTN1/GPM6A/MEF2C/RAPGEF2/EDNRA/CAMK2B/MEF2A/DPYSL2/FYN/ALCAM/SLC4A10",12
"Heart","GO:0010243","response to organonitrogen compound","13/124","169/4524",0.000640200521669542,0.0138454032819733,0.0118246159511174,"CD36/CSRP3/USP13/LPL/ATP2B4/MEF2C/RAPGEF2/EDNRA/HOMER1/CAV1/GABRB1/PDE2A/FYN",13
"Heart","GO:0003007","heart morphogenesis","6/124","40/4524",0.000671538847501441,0.0143320527716755,0.0122402371649847,"ANKRD1/FHL2/SEMA3C/TNNC1/MEF2C/EDNRA",6
"Heart","GO:0006939","smooth muscle contraction","5/124","27/4524",0.0007097477836503,0.0149507909750751,0.0127686682608858,"ATP2B4/EDNRA/CAV1/ATP1A2/ROCK2",5
"Heart","GO:0030048","actin filament-based movement","4/124","16/4524",0.000757893178768064,0.0157602914866897,0.0134600192072709,"TNNC1/KCNJ5/CAV1/SCN3B",4
"Heart","GO:0055065","metal ion homeostasis","10/124","113/4524",0.000947960995112904,0.0194631991654827,0.0166224739449511,"SLC8A1/CD36/CSRP3/ATP2B4/EDNRA/CAV1/ATP2C1/ATP1A2/MICU1/FYN",10
"Heart","GO:0035637","multicellular organismal signaling","4/124","17/4524",0.000970230405132619,0.0196714214640639,0.0168003054362438,"KCNJ5/CAV1/MEF2A/SCN3B",4
"Heart","GO:0014070","response to organic cyclic compound","11/124","135/4524",0.00105531643537721,0.0211323859034794,0.018048036763566,"ABHD2/ATP2B4/MEF2C/RAPGEF2/HOMER1/RBFOX2/CAV1/FBXO32/GABRB1/ATP1A2/PDE2A",11
"Heart","GO:0060341","regulation of cellular localization","12/124","157/4524",0.00110145170857439,0.0217872520891179,0.0186073228303453,"CAMK2D/PLN/CSRP3/TNNC1/ATP2B4/EDNRA/CAV1/ATP2C1/CRYAB/CTNNA1/RIPOR2/FYN",12
"Heart","GO:0000904","cell morphogenesis involved in differentiation","9/124","96/4524",0.00113407485650529,0.0221622821355612,0.0189276158676089,"SEMA3C/MEF2C/RAPGEF2/EDNRA/CAMK2B/MEF2A/DPYSL2/FYN/ALCAM",9
"Heart","GO:0050890","cognition","5/124","30/4524",0.00117306787144744,0.0226513819939018,0.019345329809835,"SOBP/MEF2C/APP/TUSC3/ATP1A2",5
"Heart","GO:0007411","axon guidance","4/124","18/4524",0.00122120346299566,0.0230324653137088,0.019670792623039,"SEMA3C/EDNRA/DPYSL2/ALCAM",4
"Heart","GO:0097485","neuron projection guidance","4/124","18/4524",0.00122120346299566,0.0230324653137088,0.019670792623039,"SEMA3C/EDNRA/DPYSL2/ALCAM",4
"Heart","GO:0070588","calcium ion transmembrane transport","7/124","61/4524",0.0012517284944473,0.0233227124238893,0.0199186771041848,"SLC8A1/CACNB2/PLN/ATP2B4/EDNRA/MICU1/FYN",7
"Heart","GO:0055080","cation homeostasis","11/124","138/4524",0.0012653506123935,0.0233227124238893,0.0199186771041848,"SLC8A1/CD36/CSRP3/ATP2B4/EDNRA/CAV1/BCL2/ATP2C1/ATP1A2/MICU1/FYN",11
"Heart","GO:0050877","nervous system process","13/124","182/4524",0.00128313598113656,0.0233847928247585,0.0199716966431191,"CD36/SOBP/CLIC5/RETREG1/MEF2C/EDNRA/APP/HOMER1/TUSC3/ATP1A2/RIPOR2/FYN/SLC4A10",13
"Heart","GO:0031175","neuron projection development","10/124","119/4524",0.00141400697789894,0.0252638666654499,0.0215765127728808,"SEMA3C/CNTN1/GPM6A/RAPGEF2/EDNRA/CAMK2B/MEF2A/DPYSL2/FYN/ALCAM",10
"Heart","GO:0098771","inorganic ion homeostasis","11/124","140/4524",0.00142366128534486,0.0252638666654499,0.0215765127728808,"SLC8A1/CD36/CSRP3/ATP2B4/EDNRA/CAV1/BCL2/ATP2C1/ATP1A2/MICU1/FYN",11
"Heart","GO:0006814","sodium ion transport","6/124","46/4524",0.00143296900938434,0.0252638666654499,0.0215765127728808,"SLC8A1/EDNRA/ATP1B4/SCN3B/SLC20A2/SLC4A10",6
"Heart","GO:0014033","neural crest cell differentiation","4/124","19/4524",0.00151435068850492,0.0255862168411978,0.0218518147595667,"SEMA3C/MEF2C/EDNRA/CDH2",4
"Heart","GO:0043502","regulation of muscle adaptation","4/124","19/4524",0.00151435068850492,0.0255862168411978,0.0218518147595667,"CAMK2D/TNNC1/ATP2B4/FBXO32",4
"Heart","GO:0048813","dendrite morphogenesis","4/124","19/4524",0.00151435068850492,0.0255862168411978,0.0218518147595667,"RAPGEF2/CAMK2B/MEF2A/FYN",4
"Heart","GO:0070509","calcium ion import","4/124","19/4524",0.00151435068850492,0.0255862168411978,0.0218518147595667,"PLN/HOMER1/MICU1/FYN",4
"Heart","GO:0019725","cellular homeostasis","12/124","164/4524",0.00160990444918111,0.0269202579028017,0.0229911476410455,"SLC8A1/CD36/CSRP3/ATP2B4/RHOT1/EDNRA/CAV1/BCL2/ATP2C1/ATP1A2/MICU1/FYN",12
"Heart","GO:0071495","cellular response to endogenous stimulus","15/124","234/4524",0.00164208256304738,0.0271781420128862,0.0232113926205193,"ANKRD1/FGF1/ABHD2/CSRP3/ATP2B4/MEF2C/RAPGEF2/EDNRA/RBFOX2/CAV1/FBXO32/GABRB1/ATP1A2/PDE2A/FYN",15
"Heart","GO:0034330","cell junction organization","9/124","102/4524",0.00174510841884593,0.0285915742966474,0.0244185292844364,"GPM6A/RAPGEF2/HOMER1/MAPRE2/CAMK2B/CAV1/CDH2/GABRA2/FYN",9
"Heart","GO:0050801","ion homeostasis","11/124","144/4524",0.00178931269237949,0.0290226518703954,0.0247866895070675,"SLC8A1/CD36/CSRP3/ATP2B4/EDNRA/CAV1/BCL2/ATP2C1/ATP1A2/MICU1/FYN",11
"Heart","GO:0055082","cellular chemical homeostasis","11/124","145/4524",0.00189181968800347,0.0303815003360558,0.0259472090611003,"SLC8A1/CD36/CSRP3/ATP2B4/EDNRA/CAV1/BCL2/ATP2C1/ATP1A2/MICU1/FYN",11
"Heart","GO:0060415","muscle tissue morphogenesis","3/124","10/4524",0.00209492639199591,0.0327280595853646,0.0279512793914854,"ANKRD1/TNNC1/EDNRA",3
"Heart","GO:0086003","cardiac muscle cell contraction","3/124","10/4524",0.00209492639199591,0.0327280595853646,0.0279512793914854,"KCNJ5/CAV1/SCN3B",3
"Heart","GO:0031346","positive regulation of cell projection organization","5/124","34/4524",0.00209846991176197,0.0327280595853646,0.0279512793914854,"GPM6A/RAPGEF2/CAMK2B/RIPOR2/FYN",5
"Heart","GO:1901698","response to nitrogen compound","13/124","194/4524",0.00228807369441411,0.0353452907841875,0.0301865161087616,"CD36/CSRP3/USP13/LPL/ATP2B4/MEF2C/RAPGEF2/EDNRA/HOMER1/CAV1/GABRB1/PDE2A/FYN",13
"Heart","GO:0030182","neuron differentiation","12/124","172/4524",0.00241424941567845,0.036942571247457,0.0315506676368703,"SEMA3C/CNTN1/GPM6A/MEF2C/RAPGEF2/EDNRA/CAMK2B/MEF2A/DPYSL2/FYN/ALCAM/SLC4A10",12
"Heart","GO:0043269","regulation of ion transport","9/124","109/4524",0.00276567082501841,0.0412542331565752,0.0352330266948231,"SLC8A1/PLN/CLIC5/EDNRA/HOMER1/CAV1/SCN3B/FYN/CYBB",9
"Heart","GO:0035914","skeletal muscle cell differentiation","3/124","11/4524",0.00282319351441421,0.0412542331565752,0.0352330266948231,"ANKRD1/MEF2C/IP6K3",3
"Heart","GO:0048644","muscle organ morphogenesis","3/124","11/4524",0.00282319351441421,0.0412542331565752,0.0352330266948231,"ANKRD1/TNNC1/EDNRA",3
"Heart","GO:0048675","axon extension","3/124","11/4524",0.00282319351441421,0.0412542331565752,0.0352330266948231,"EDNRA/DPYSL2/ALCAM",3
"Heart","GO:0090279","regulation of calcium ion import","3/124","11/4524",0.00282319351441421,0.0412542331565752,0.0352330266948231,"PLN/HOMER1/FYN",3
"Heart","GO:0000902","cell morphogenesis","11/124","153/4524",0.00289700535154407,0.0419548453589686,0.0358313819796241,"SEMA3C/PALMD/GPM6A/MEF2C/RAPGEF2/EDNRA/CAMK2B/MEF2A/DPYSL2/FYN/ALCAM",11
"Heart","GO:0060485","mesenchyme development","6/124","53/4524",0.00300437089983656,0.0431246867215478,0.0368304807096871,"SEMA3C/ACTC1/MEF2C/EDNRA/CDH2/ACTA1",6
"Heart","GO:0050803","regulation of synapse structure or activity","4/124","23/4524",0.00317841592351802,0.0452227248065458,0.0386223024501358,"MEF2C/HOMER1/CAMK2B/FYN",4
"Heart","GO:0030036","actin cytoskeleton organization","10/124","133/4524",0.0032454620741073,0.045775125949583,0.0390940786226564,"MYOZ2/CSRP3/ASB2/MEF2A/ACTA1/ATP2C1/TMOD1/CTNNA1/MSRB1/ROCK2",10
"Heart","GO:0007267","cell-cell signaling","14/124","228/4524",0.00350536603797353,0.048977740546264,0.0418292598863544,"GRK5/LRRFIP2/MEF2C/EDNRA/NLK/HOMER1/KCNJ5/CAV1/SCN3B/GABRB1/IP6K3/GABRA2/FYN/SLC4A10",14
"Heart","GO:0071417","cellular response to organonitrogen compound","9/124","113/4524",0.0035329196324987,0.048977740546264,0.0418292598863544,"CSRP3/ATP2B4/MEF2C/RAPGEF2/EDNRA/CAV1/GABRB1/PDE2A/FYN",9
"Heart","GO:0003151","outflow tract morphogenesis","3/124","12/4524",0.00368943280383175,0.0498688333984592,0.0425902944723034,"SEMA3C/MEF2C/EDNRA",3
"Heart","GO:0033555","multicellular organismal response to stress","3/124","12/4524",0.00368943280383175,0.0498688333984592,0.0425902944723034,"THBS4/MEF2C/ATP1A2",3
"Heart","GO:0099175","regulation of postsynapse organization","3/124","12/4524",0.00368943280383175,0.0498688333984592,0.0425902944723034,"HOMER1/CAMK2B/FYN",3
"liver","GO:0006956","complement activation","12/167","22/4524",2.03078528426689e-12,3.14365562004515e-09,2.83668639181281e-09,"C3/CFH/C4BPA/C9/CFB/C1S/C4A/C6/SERPING1/C5/C2/C4BPB",12
"liver","GO:0006953","acute-phase response","9/167","15/4524",4.25594025955358e-10,2.19606517392965e-07,1.98162551734302e-07,"ORM1/HP/F2/AHSG/ITIH4/SAA2/LBP/SERPINF2/FN1",9
"liver","GO:0006958","complement activation, classical pathway","9/167","15/4524",4.25594025955358e-10,2.19606517392965e-07,1.98162551734302e-07,"C3/C4BPA/C9/C1S/C4A/C6/C5/C2/C4BPB",9
"liver","GO:0006959","humoral immune response","13/167","41/4524",1.06420003336972e-09,4.11845412914082e-07,3.71629853758321e-07,"C3/CFH/C4BPA/C9/CFB/C1S/C4A/C6/SERPING1/C5/RARRES2/C2/C4BPB",13
"liver","GO:0006082","organic acid metabolic process","32/167","277/4524",3.37554393990731e-09,1.0450684037953e-06,9.43020380685683e-07,"C3/BHMT/APOC3/APOC2/TDO2/RGN/CROT/PAH/TAT/ELOVL5/ALDH1A1/SCP2/MAT1A/HPD/INSIG1/FADS2/GLYAT/SHMT1/GATM/OTC/ASS1/GULO/PCK1/GLUD1/TDH/UGDH/ACAD8/FAH/DPYD/GAMT/G6PC1/ABAT",32
"liver","GO:0002455","humoral immune response mediated by circulating immunoglobulin","9/167","19/4524",6.91232669403338e-09,1.52901737987501e-06,1.37971308519933e-06,"C3/C4BPA/C9/C1S/C4A/C6/C5/C2/C4BPB",9
"liver","GO:0019752","carboxylic acid metabolic process","31/167","270/4524",7.21896572469566e-09,1.52901737987501e-06,1.37971308519933e-06,"C3/BHMT/APOC3/APOC2/TDO2/RGN/CROT/PAH/TAT/ELOVL5/ALDH1A1/SCP2/MAT1A/HPD/INSIG1/FADS2/GLYAT/SHMT1/GATM/OTC/ASS1/GULO/PCK1/GLUD1/TDH/UGDH/ACAD8/FAH/DPYD/GAMT/ABAT",31
"liver","GO:0043436","oxoacid metabolic process","31/167","271/4524",7.90189860400521e-09,1.52901737987501e-06,1.37971308519933e-06,"C3/BHMT/APOC3/APOC2/TDO2/RGN/CROT/PAH/TAT/ELOVL5/ALDH1A1/SCP2/MAT1A/HPD/INSIG1/FADS2/GLYAT/SHMT1/GATM/OTC/ASS1/GULO/PCK1/GLUD1/TDH/UGDH/ACAD8/FAH/DPYD/GAMT/ABAT",31
"liver","GO:0002526","acute inflammatory response","10/167","26/4524",1.14567198117736e-08,1.97055580762506e-06,1.77813651347644e-06,"ORM1/C3/HP/F2/AHSG/ITIH4/SAA2/LBP/SERPINF2/FN1",10
"liver","GO:0044282","small molecule catabolic process","18/167","104/4524",2.74984132044959e-08,4.25675436405596e-06,3.84109413919642e-06,"GK5/TDO2/CROT/PAH/TAT/HSD17B6/SCP2/MAT1A/HPD/GLUD1/TDH/ACAD8/FAH/DPYD/ALDH2/GK/ABAT/SCARB1",18
"liver","GO:0002252","immune effector process","20/167","129/4524",3.11317816962437e-08,4.3810907332532e-06,3.9532894077431e-06,"C3/CFH/C4BPA/APOA2/C9/CFB/CCL3/C1S/C4A/C6/LBP/SERPING1/C5/CLU/C2/ARG1/PCK1/STAT3/C4BPB/TMBIM6",20
"liver","GO:0044283","small molecule biosynthetic process","23/167","170/4524",3.80840632581534e-08,4.91284416030179e-06,4.43311859154119e-06,"BHMT/APOC3/APOC2/SLC39A14/RGN/PAH/MST1/ELOVL5/ALDH1A1/INSIG1/FADS2/SHMT1/GATM/OTC/ASS1/GULO/TM7SF2/PCK1/UGDH/DPYD/GAMT/G6PC1/PC",23
"liver","GO:0006520","cellular amino acid metabolic process","17/167","97/4524",5.65898891291109e-08,6.73854987475875e-06,6.08054922059354e-06,"BHMT/TDO2/PAH/TAT/ALDH1A1/MAT1A/HPD/GLYAT/SHMT1/OTC/ASS1/GLUD1/TDH/ACAD8/FAH/DPYD/ABAT",17
"liver","GO:0006952","defense response","35/167","364/4524",7.14856420288803e-08,7.90426956147905e-06,7.13243962197926e-06,"FGB/ORM1/C3/FGA/CFH/C4BPA/APOA2/C9/HP/F2/CFB/AHSG/KNG1/CCL3/ITIH4/C1S/SAA2/C4A/CHIA/C6/LBP/PROC/ESR1/C5/SERPINF2/FN1/RARRES2/C2/ARG1/FBXO9/NR1H4/SMAD1/STAT3/LDLR/C4BPB",35
"liver","GO:0002253","activation of immune response","13/167","57/4524",8.82752176147274e-08,9.11000245783987e-06,8.22043605436795e-06,"C3/CFH/C4BPA/C9/CFB/C1S/C4A/C6/SERPING1/C5/C2/GPLD1/C4BPB",13
"liver","GO:0097006","regulation of plasma lipoprotein particle levels","8/167","19/4524",1.55952873302387e-07,1.49544390961573e-05,1.34941797093709e-05,"APOA2/APOC3/APOE/LIPC/GPLD1/MTTP/LDLR/SCARB1",8
"liver","GO:0046394","carboxylic acid biosynthetic process","17/167","104/4524",1.64228336327309e-07,1.49544390961573e-05,1.34941797093709e-05,"BHMT/APOC3/APOC2/RGN/PAH/ELOVL5/ALDH1A1/INSIG1/FADS2/SHMT1/GATM/OTC/ASS1/GULO/UGDH/DPYD/GAMT",17
"liver","GO:0016053","organic acid biosynthetic process","17/167","105/4524",1.89745677749268e-07,1.6318128286437e-05,1.47247084428818e-05,"BHMT/APOC3/APOC2/RGN/PAH/ELOVL5/ALDH1A1/INSIG1/FADS2/SHMT1/GATM/OTC/ASS1/GULO/UGDH/DPYD/GAMT",17
"liver","GO:0006954","inflammatory response","22/167","172/4524",2.15318381957438e-07,1.75427818563218e-05,1.58297779976466e-05,"ORM1/C3/HP/F2/AHSG/KNG1/CCL3/ITIH4/SAA2/C4A/CHIA/LBP/PROC/ESR1/C5/SERPINF2/FN1/RARRES2/NR1H4/SMAD1/STAT3/LDLR",22
"liver","GO:1901605","alpha-amino acid metabolic process","14/167","76/4524",4.73842623073041e-07,3.66754190258534e-05,3.30941663588382e-05,"BHMT/TDO2/PAH/TAT/MAT1A/HPD/GLYAT/SHMT1/OTC/ASS1/GLUD1/TDH/ACAD8/FAH",14
"liver","GO:0016064","immunoglobulin mediated immune response","9/167","29/4524",5.44521328838506e-07,4.01390008115242e-05,3.62195390159748e-05,"C3/C4BPA/C9/C1S/C4A/C6/C5/C2/C4BPB",9
"liver","GO:0019724","B cell mediated immunity","9/167","30/4524",7.53459695606079e-07,5.30161640362823e-05,4.78392830655152e-05,"C3/C4BPA/C9/C1S/C4A/C6/C5/C2/C4BPB",9
"liver","GO:0071825","protein-lipid complex subunit organization","6/167","11/4524",9.1728732884881e-07,5.91650327107483e-05,5.33877318150163e-05,"APOA2/APOC3/APOE/LIPC/MTTP/SCARB1",6
"liver","GO:0071827","plasma lipoprotein particle organization","6/167","11/4524",9.1728732884881e-07,5.91650327107483e-05,5.33877318150163e-05,"APOA2/APOC3/APOE/LIPC/MTTP/SCARB1",6
"liver","GO:0034381","plasma lipoprotein particle clearance","6/167","12/4524",1.77867092380846e-06,0.00011013530360222,9.93808975113191e-05,"APOA2/APOC3/APOE/GPLD1/LDLR/SCARB1",6
"liver","GO:0009063","cellular amino acid catabolic process","10/167","43/4524",2.39783425892244e-06,0.000142763362800459,0.000128822917473282,"TDO2/PAH/TAT/MAT1A/HPD/GLUD1/TDH/ACAD8/FAH/ABAT",10
"liver","GO:0007596","blood coagulation","11/167","54/4524",3.00976646084914e-06,0.000166397088621231,0.000150148875697249,"F2/KNG1/PLG/SERPINC1/CPB2/SERPING1/PROC/SERPINF2/PROS1/F11/F9",11
"liver","GO:0007599","hemostasis","11/167","54/4524",3.00976646084914e-06,0.000166397088621231,0.000150148875697249,"F2/KNG1/PLG/SERPINC1/CPB2/SERPING1/PROC/SERPINF2/PROS1/F11/F9",11
"liver","GO:0002250","adaptive immune response","14/167","89/4524",3.45983578658518e-06,0.000184683648194271,0.000166649803586154,"FGB/C3/FGA/C4BPA/C9/FGL1/C1S/C4A/C6/C5/C2/ARG1/STAT3/C4BPB",14
"liver","GO:0050817","coagulation","11/167","55/4524",3.64326083468985e-06,0.000187992259069996,0.000169635337811699,"F2/KNG1/PLG/SERPINC1/CPB2/SERPING1/PROC/SERPINF2/PROS1/F11/F9",11
"liver","GO:1901606","alpha-amino acid catabolic process","9/167","36/4524",4.09454824088944e-06,0.000204463247641834,0.000184497980158244,"TDO2/PAH/TAT/MAT1A/HPD/GLUD1/TDH/ACAD8/FAH",9
"liver","GO:0002460","adaptive immune response based on somatic recombination of immune receptors built from immunoglobulin superfamily domains","11/167","58/4524",6.29596561594286e-06,0.000302624662407814,0.000273074205776669,"C3/C4BPA/C9/C1S/C4A/C6/C5/C2/ARG1/STAT3/C4BPB",11
"liver","GO:0006641","triglyceride metabolic process","8/167","29/4524",6.45130094280224e-06,0.000302624662407814,0.000273074205776669,"C3/APOC3/APOC2/INSIG1/GPLD1/G6PC1/LDLR/SCARB1",8
"liver","GO:0016054","organic acid catabolic process","12/167","70/4524",7.11791399733113e-06,0.000314815167653388,0.000284074342088975,"TDO2/CROT/PAH/TAT/SCP2/MAT1A/HPD/GLUD1/TDH/ACAD8/FAH/ABAT",12
"liver","GO:0046395","carboxylic acid catabolic process","12/167","70/4524",7.11791399733113e-06,0.000314815167653388,0.000284074342088975,"TDO2/CROT/PAH/TAT/SCP2/MAT1A/HPD/GLUD1/TDH/ACAD8/FAH/ABAT",12
"liver","GO:0006639","acylglycerol metabolic process","9/167","39/4524",8.37659514609837e-06,0.00036019359128223,0.000325021688855922,"C3/APOA2/APOC3/APOC2/INSIG1/GPLD1/G6PC1/LDLR/SCARB1",9
"liver","GO:0015918","sterol transport","6/167","15/4524",8.7810917816655e-06,0.000367381894000492,0.000331508073805693,"APOA2/LIPC/SCP2/MTTP/LDLR/SCARB1",6
"liver","GO:0002682","regulation of immune system process","26/167","282/4524",9.79346898451415e-06,0.000398954999684945,0.000359998153530479,"ORM1/C3/CFH/C4BPA/APOA2/C9/CFB/FGL1/CCL3/C1S/C4A/C6/SERPING1/ESR1/C5/APCS/RARRES2/C2/ARG1/PCK1/GPLD1/STAT3/STK10/LDLR/C4BPB/TMBIM6",26
"liver","GO:0006638","neutral lipid metabolic process","9/167","40/4524",1.0469695048379e-05,0.000415566357304889,0.000374987458277973,"C3/APOA2/APOC3/APOC2/INSIG1/GPLD1/G6PC1/LDLR/SCARB1",9
"liver","GO:0046364","monosaccharide biosynthetic process","7/167","23/4524",1.22532874905025e-05,0.000462636317934094,0.000417461168161664,"SLC39A14/RGN/MST1/GULO/PCK1/G6PC1/PC",7
"liver","GO:0050818","regulation of coagulation","7/167","23/4524",1.22532874905025e-05,0.000462636317934094,0.000417461168161664,"F2/PLG/SERPINC1/SERPING1/PROC/SERPINF2/PROS1",7
"liver","GO:0050994","regulation of lipid catabolic process","6/167","16/4524",1.3622464751093e-05,0.000502085129397427,0.000453057912899759,"APOA2/APOC2/RARRES2/GPLD1/LDLR/SCARB1",6
"liver","GO:0050778","positive regulation of immune response","14/167","100/4524",1.40460832167465e-05,0.000505658995802875,0.000456282801190273,"C3/CFH/C4BPA/C9/CFB/C1S/C4A/C6/SERPING1/C5/C2/PCK1/GPLD1/C4BPB",14
"liver","GO:0046890","regulation of lipid biosynthetic process","9/167","42/4524",1.60194550352744e-05,0.000563593554422836,0.0005085602112873,"C3/APOC3/APOC2/ELOVL5/INSIG1/PCK1/GPLD1/LDLR/SCARB1",9
"liver","GO:0016051","carbohydrate biosynthetic process","9/167","43/4524",1.96251781819558e-05,0.000665236714573145,0.000600278199536627,"SLC39A14/RGN/IGF1/MST1/UGP2/GULO/PCK1/G6PC1/PC",9
"liver","GO:0005996","monosaccharide metabolic process","11/167","65/4524",1.9768016066127e-05,0.000665236714573145,0.000600278199536627,"PFKFB1/SLC39A14/RGN/IGF1/MST1/IGF2/GULO/PCK1/GPLD1/G6PC1/PC",11
"liver","GO:0002449","lymphocyte mediated immunity","10/167","55/4524",2.49135181440495e-05,0.000820555874191247,0.000740430875188212,"C3/C4BPA/C9/C1S/C4A/C6/C5/C2/ARG1/C4BPB",10
"liver","GO:0006869","lipid transport","12/167","80/4524",2.92171822160978e-05,0.000942254126469154,0.000850245631595654,"APOA2/APOC3/APOC2/LIPC/APOC4/SLC22A9/LBP/SCP2/PCTP/MTTP/LDLR/SCARB1",12
"liver","GO:0006629","lipid metabolic process","31/167","397/4524",3.72867861933646e-05,0.00117795806178221,0.00106293373315993,"C3/TTR/APOA2/APOC3/APOC2/LIPC/CROT/AOX1/ESR1/PLCB1/ELOVL5/HSD17B6/ALDH1A1/SCP2/INSIG1/FADS2/RARRES2/PEMT/TM7SF2/CHPT1/PCK1/BCKDHB/ACAD8/FAH/GPLD1/FDFT1/G6PC1/PLPP3/LDLR/PC/SCARB1",31
"liver","GO:0009072","aromatic amino acid family metabolic process","5/167","12/4524",4.14387769732209e-05,0.00127707813169074,0.00115237500391242,"TDO2/PAH/TAT/HPD/FAH",5
"liver","GO:0046503","glycerolipid catabolic process","6/167","19/4524",4.20742795324468e-05,0.00127707813169074,0.00115237500391242,"APOA2/APOC3/APOC2/GPLD1/LDLR/SCARB1",6
"liver","GO:0010876","lipid localization","13/167","97/4524",4.62865563990587e-05,0.00137791517895659,0.00124336559395852,"C3/APOA2/APOC3/APOC2/LIPC/APOC4/SLC22A9/LBP/SCP2/PCTP/MTTP/LDLR/SCARB1",13
"liver","GO:0030193","regulation of blood coagulation","6/167","20/4524",5.82819181028312e-05,0.00170227187213552,0.00153604975814214,"F2/PLG/SERPINC1/SERPING1/SERPINF2/PROS1",6
"liver","GO:0045087","innate immune response","18/167","175/4524",6.29869622805145e-05,0.00180562625204141,0.00162931187029713,"FGB/C3/FGA/CFH/C4BPA/C9/CFB/C1S/C4A/C6/LBP/C5/RARRES2/C2/ARG1/FBXO9/NR1H4/C4BPB",18
"liver","GO:0008652","cellular amino acid biosynthetic process","7/167","29/4524",6.46599291385902e-05,0.0018198830964825,0.00164217657352936,"BHMT/PAH/ALDH1A1/SHMT1/OTC/ASS1/DPYD",7
"liver","GO:0050776","regulation of immune response","17/167","161/4524",7.31280807592998e-05,0.00202146908956065,0.0018240782550299,"C3/CFH/C4BPA/C9/CFB/FGL1/C1S/C4A/C6/SERPING1/ESR1/C5/C2/ARG1/PCK1/GPLD1/C4BPB",17
"liver","GO:0046470","phosphatidylcholine metabolic process","6/167","21/4524",7.91196251221264e-05,0.0021116755118802,0.00190547627109005,"APOA2/PEMT/CHPT1/GPLD1/LDLR/SCARB1",6
"liver","GO:1900046","regulation of hemostasis","6/167","21/4524",7.91196251221264e-05,0.0021116755118802,0.00190547627109005,"F2/PLG/SERPINC1/SERPING1/SERPINF2/PROS1",6
"liver","GO:0015748","organophosphate ester transport","8/167","41/4524",9.82999190778745e-05,0.00254427878753089,0.00229583704002005,"APOA2/APOC3/GJB1/PCTP/MTTP/G6PC1/LDLR/SCARB1",8
"liver","GO:0030301","cholesterol transport","5/167","14/4524",9.86154568810422e-05,0.00254427878753089,0.00229583704002005,"APOA2/LIPC/SCP2/LDLR/SCARB1",5
"liver","GO:0002443","leukocyte mediated immunity","11/167","77/4524",0.000100421714930528,0.00254840679856489,0.00229956196225731,"C3/C4BPA/C9/CCL3/C1S/C4A/C6/C5/C2/ARG1/C4BPB",11
"liver","GO:0002684","positive regulation of immune system process","17/167","166/4524",0.000107548893609263,0.00268525302108288,0.00242304553174009,"C3/CFH/C4BPA/C9/CFB/CCL3/C1S/C4A/C6/SERPING1/C5/RARRES2/C2/ARG1/PCK1/GPLD1/C4BPB",17
"liver","GO:0006955","immune response","26/167","328/4524",0.000135619736649809,0.00333237067196673,0.00300697394376435,"FGB/C3/FGA/CFH/C4BPA/APOA2/C9/CFB/FGL1/CCL3/C1S/C4A/C6/LBP/SERPING1/ESR1/C5/RARRES2/C2/ARG1/PCK1/FBXO9/NR1H4/GPLD1/STAT3/C4BPB",26
"liver","GO:0044248","cellular catabolic process","34/167","486/4524",0.000141356953865759,0.00341828501290416,0.0030844989882523,"APOA2/GK5/BHMT/APOC3/APOC2/TDO2/CROT/PAH/CAT/TAT/XDH/HSD17B6/SCP2/MAT1A/HPD/CLU/NT5E/ALAD/GLUD1/TDH/FBXO9/ACAD8/PARN/FAH/DPYD/GPLD1/ALDH2/GK/G6PC1/ABAT/LDLR/EFNA1/SCARB1/TMBIM6",34
"liver","GO:0050819","negative regulation of coagulation","5/167","15/4524",0.00014353263943073,0.00341828501290416,0.0030844989882523,"PLG/SERPING1/PROC/SERPINF2/PROS1",5
"liver","GO:0090207","regulation of triglyceride metabolic process","5/167","16/4524",0.000202582718830565,0.00475148558711689,0.00428751623426093,"C3/APOC2/GPLD1/LDLR/SCARB1",5
"liver","GO:0005975","carbohydrate metabolic process","16/167","160/4524",0.000228672549432931,0.00528335979883848,0.00476745440844462,"GK5/PFKFB1/SLC39A14/RGN/CHIA/IGF1/MST1/IGF2/UGP2/GULO/PCK1/UGDH/GPLD1/GK/G6PC1/PC",16
"liver","GO:0019216","regulation of lipid metabolic process","11/167","85/4524",0.000248156482787284,0.00564920934345171,0.00509757976251899,"C3/APOA2/APOC3/APOC2/ELOVL5/INSIG1/RARRES2/PCK1/GPLD1/LDLR/SCARB1",11
"liver","GO:0042060","wound healing","11/167","86/4524",0.00027558582593036,0.00618270809478547,0.00557898384453986,"F2/KNG1/PLG/SERPINC1/CPB2/SERPING1/PROC/SERPINF2/PROS1/F11/F9",11
"liver","GO:0006022","aminoglycan metabolic process","6/167","26/4524",0.00028784307908224,0.00627578994956772,0.00566297651507981,"ITIH4/ITIH1/CHIA/GLCE/ITIH3/UGDH",6
"liver","GO:0015914","phospholipid transport","6/167","26/4524",0.00028784307908224,0.00627578994956772,0.00566297651507981,"APOA2/APOC3/PCTP/MTTP/LDLR/SCARB1",6
"liver","GO:0019318","hexose metabolic process","9/167","60/4524",0.000299785408374081,0.00644538628004274,0.00581601223556148,"PFKFB1/SLC39A14/IGF1/MST1/IGF2/PCK1/GPLD1/G6PC1/PC",9
"liver","GO:0045861","negative regulation of proteolysis","11/167","89/4524",0.000373717598151513,0.00781776813430462,0.00705438481859257,"C3/FABP1/ITIH4/ITIH1/ITIH2/ITIH3/SERPINA3-3/SERPINF2/SERPINA3-7/ALAD/EFNA1",11
"liver","GO:0051346","negative regulation of hydrolase activity","11/167","89/4524",0.000373717598151513,0.00781776813430462,0.00705438481859257,"C3/FABP1/ITIH4/SLC39A14/ITIH1/ITIH2/ITIH3/SERPINA3-3/APCS/SERPINA3-7/TMBIM6",11
"liver","GO:0016042","lipid catabolic process","11/167","90/4524",0.000412345030166498,0.00851080142263651,0.00767974533376762,"APOA2/APOC3/APOC2/CROT/PLCB1/HSD17B6/SCP2/RARRES2/GPLD1/LDLR/SCARB1",11
"liver","GO:0008202","steroid metabolic process","10/167","77/4524",0.000462961490568677,0.00942979457105673,0.0085090013571279,"APOA2/LIPC/ESR1/HSD17B6/SCP2/INSIG1/TM7SF2/G6PC1/LDLR/SCARB1",10
"liver","GO:0006006","glucose metabolic process","8/167","51/4524",0.000478138418501903,0.00961244508884346,0.0086738165598363,"SLC39A14/IGF1/MST1/IGF2/PCK1/GPLD1/G6PC1/PC",8
"liver","GO:0042632","cholesterol homeostasis","5/167","19/4524",0.000492786697801465,0.0096561241543882,0.00871323048610985,"LIPC/INSIG1/G6PC1/LDLR/SCARB1",5
"liver","GO:0055092","sterol homeostasis","5/167","19/4524",0.000492786697801465,0.0096561241543882,0.00871323048610985,"LIPC/INSIG1/G6PC1/LDLR/SCARB1",5
"liver","GO:0046486","glycerolipid metabolic process","12/167","108/4524",0.000549998912646043,0.0106424789597009,0.00960327048791184,"C3/APOA2/APOC3/APOC2/PLCB1/INSIG1/PEMT/CHPT1/GPLD1/G6PC1/LDLR/SCARB1",12
"liver","GO:0044242","cellular lipid catabolic process","8/167","53/4524",0.000624985052432971,0.0118920274038695,0.0107308040017236,"APOA2/APOC3/APOC2/CROT/SCP2/GPLD1/LDLR/SCARB1",8
"liver","GO:0006094","gluconeogenesis","5/167","20/4524",0.000637621624367678,0.0118920274038695,0.0107308040017236,"SLC39A14/MST1/PCK1/G6PC1/PC",5
"liver","GO:0019319","hexose biosynthetic process","5/167","20/4524",0.000637621624367678,0.0118920274038695,0.0107308040017236,"SLC39A14/MST1/PCK1/G6PC1/PC",5
"liver","GO:0050878","regulation of body fluid levels","11/167","95/4524",0.000659504358925151,0.0121537231859063,0.0109669459184671,"F2/KNG1/PLG/SERPINC1/CPB2/SERPING1/PROC/SERPINF2/PROS1/F11/F9",11
"liver","GO:0010866","regulation of triglyceride biosynthetic process","4/167","12/4524",0.000702947447659357,0.0126530540578684,0.01141751851951,"C3/GPLD1/LDLR/SCARB1",4
"liver","GO:0033344","cholesterol efflux","4/167","12/4524",0.000702947447659357,0.0126530540578684,0.01141751851951,"APOA2/APOC3/APOE/EEPD1",4
"liver","GO:0098542","defense response to other organism","20/167","249/4524",0.000727699637753543,0.0129480349338217,0.0116836953333206,"FGB/C3/FGA/CFH/C4BPA/APOA2/C9/HP/CFB/C1S/C4A/C6/LBP/C5/RARRES2/C2/ARG1/FBXO9/NR1H4/C4BPB",20
"liver","GO:1903510","mucopolysaccharide metabolic process","5/167","21/4524",0.000812153499131913,0.0142865183710932,0.012891479585503,"ITIH4/ITIH1/GLCE/ITIH3/UGDH",5
"liver","GO:0044255","cellular lipid metabolic process","21/167","272/4524",0.000897695746529467,0.0156138541081755,0.0140892046794158,"C3/TTR/APOA2/APOC3/APOC2/CROT/PLCB1/ELOVL5/ALDH1A1/SCP2/INSIG1/FADS2/RARRES2/PEMT/CHPT1/GPLD1/FDFT1/G6PC1/PLPP3/LDLR/SCARB1",21
"liver","GO:0061041","regulation of wound healing","6/167","32/4524",0.000942605816608925,0.0162128200456735,0.0146296832589479,"F2/PLG/SERPINC1/SERPING1/SERPINF2/PROS1",6
"liver","GO:0030195","negative regulation of blood coagulation","4/167","13/4524",0.00098633015144324,0.0162429688769589,0.0146568881407075,"PLG/SERPING1/SERPINF2/PROS1",4
"liver","GO:0046461","neutral lipid catabolic process","4/167","13/4524",0.00098633015144324,0.0162429688769589,0.0146568881407075,"APOA2/APOC3/APOC2/GPLD1",4
"liver","GO:0046464","acylglycerol catabolic process","4/167","13/4524",0.00098633015144324,0.0162429688769589,0.0146568881407075,"APOA2/APOC3/APOC2/GPLD1",4
"liver","GO:0090208","positive regulation of triglyceride metabolic process","4/167","13/4524",0.00098633015144324,0.0162429688769589,0.0146568881407075,"APOC2/GPLD1/LDLR/SCARB1",4
"liver","GO:1901616","organic hydroxy compound catabolic process","5/167","22/4524",0.001019995333143,0.0166205555337406,0.0149976045105901,"GK5/HSD17B6/ALDH2/GK/SCARB1",5
"liver","GO:0009611","response to wounding","11/167","103/4524",0.00130459388589714,0.0207864877217353,0.018756745006625,"F2/KNG1/PLG/SERPINC1/CPB2/SERPING1/PROC/SERPINF2/PROS1/F11/F9",11
"liver","GO:1901361","organic cyclic compound catabolic process","11/167","103/4524",0.00130459388589714,0.0207864877217353,0.018756745006625,"TDO2/PAH/TAT/XDH/HSD17B6/HPD/NT5E/PARN/FAH/DPYD/SCARB1",11
"liver","GO:1903034","regulation of response to wounding","6/167","34/4524",0.00131594043716412,0.0207864877217353,0.018756745006625,"F2/PLG/SERPINC1/SERPING1/SERPINF2/PROS1",6
"liver","GO:1900047","negative regulation of hemostasis","4/167","14/4524",0.00134141602926812,0.0209748688212834,0.0189267312157236,"PLG/SERPING1/SERPINF2/PROS1",4
"liver","GO:0044419","biological process involved in interspecies interaction between organisms","24/167","343/4524",0.00154211032926113,0.0237665046947669,0.021445771610197,"FGB/C3/FGA/CFH/C4BPA/APOA2/C9/HP/CFB/CCL3/C1S/C4A/C6/LBP/C5/APCS/RARRES2/C2/ARG1/FBXO9/NR1H4/C4BPB/PC/SCARB1",24
"liver","GO:0046889","positive regulation of lipid biosynthetic process","5/167","24/4524",0.00155065696005908,0.0237665046947669,0.021445771610197,"APOC2/ELOVL5/GPLD1/LDLR/SCARB1",5
"liver","GO:0019432","triglyceride biosynthetic process","4/167","15/4524",0.00177700998920899,0.0261982044123383,0.0236400226133366,"C3/GPLD1/LDLR/SCARB1",4
"liver","GO:0046164","alcohol catabolic process","4/167","15/4524",0.00177700998920899,0.0261982044123383,0.0236400226133366,"GK5/ALDH2/GK/SCARB1",4
"liver","GO:0061045","negative regulation of wound healing","4/167","15/4524",0.00177700998920899,0.0261982044123383,0.0236400226133366,"PLG/SERPING1/SERPINF2/PROS1",4
"liver","GO:1903035","negative regulation of response to wounding","4/167","15/4524",0.00177700998920899,0.0261982044123383,0.0236400226133366,"PLG/SERPING1/SERPINF2/PROS1",4
"liver","GO:0030203","glycosaminoglycan metabolic process","5/167","25/4524",0.00188123997242466,0.0272494274161356,0.0245885966144512,"ITIH4/ITIH1/GLCE/ITIH3/UGDH",5
"liver","GO:0051707","response to other organism","22/167","308/4524",0.0018835198536993,0.0272494274161356,0.0245885966144512,"FGB/C3/FGA/CFH/C4BPA/APOA2/C9/HP/CFB/CCL3/C1S/C4A/C6/LBP/C5/RARRES2/C2/ARG1/FBXO9/NR1H4/C4BPB/SCARB1",22
"liver","GO:0043207","response to external biotic stimulus","22/167","309/4524",0.00196335660224064,0.0281414446321159,0.0253935108301495,"FGB/C3/FGA/CFH/C4BPA/APOA2/C9/HP/CFB/CCL3/C1S/C4A/C6/LBP/C5/RARRES2/C2/ARG1/FBXO9/NR1H4/C4BPB/SCARB1",22
"liver","GO:0010951","negative regulation of endopeptidase activity","8/167","63/4524",0.00199575647667189,0.0283434039072301,0.0255757493437334,"C3/FABP1/ITIH4/ITIH1/ITIH2/ITIH3/SERPINA3-3/SERPINA3-7",8
"liver","GO:0015850","organic hydroxy compound transport","6/167","37/4524",0.00207558815653006,0.0292091860573503,0.0263569902747884,"APOA2/LIPC/SCP2/MTTP/LDLR/SCARB1",6
"liver","GO:1901607","alpha-amino acid biosynthetic process","5/167","26/4524",0.00226062018512523,0.0315264869060708,0.028448013140457,"BHMT/PAH/SHMT1/OTC/ASS1",5
"liver","GO:0042304","regulation of fatty acid biosynthetic process","4/167","16/4524",0.00230181907933514,0.0318144279893821,0.0287078375777982,"APOC3/APOC2/ELOVL5/INSIG1",4
"liver","GO:0010466","negative regulation of peptidase activity","8/167","66/4524",0.00269456776865398,0.0369131938573129,0.0333087231392998,"C3/FABP1/ITIH4/ITIH1/ITIH2/ITIH3/SERPINA3-3/SERPINA3-7",8
"liver","GO:0006066","alcohol metabolic process","10/167","97/4524",0.00281032571062736,0.0379799648258169,0.0342713268896091,"TTR/GK5/LIPC/ALDH1A1/TM7SF2/ALDH2/GK/PLPP3/LDLR/SCARB1",10
"liver","GO:0009607","response to biotic stimulus","22/167","318/4524",0.00282150901483782,0.0379799648258169,0.0342713268896091,"FGB/C3/FGA/CFH/C4BPA/APOA2/C9/HP/CFB/CCL3/C1S/C4A/C6/LBP/C5/RARRES2/C2/ARG1/FBXO9/NR1H4/C4BPB/SCARB1",22
"liver","GO:0002683","negative regulation of immune system process","8/167","67/4524",0.00296574642442425,0.0395773746983512,0.0357127541307711,"APOA2/FGL1/CCL3/SERPING1/APCS/ARG1/LDLR/TMBIM6",8
"liver","GO:0008610","lipid biosynthetic process","15/167","185/4524",0.003124047691901,0.0410283544291445,0.037022049726285,"C3/APOA2/APOC3/APOC2/ELOVL5/INSIG1/FADS2/PEMT/TM7SF2/CHPT1/PCK1/GPLD1/FDFT1/LDLR/SCARB1",15
"liver","GO:0045834","positive regulation of lipid metabolic process","6/167","40/4524",0.00312748438154978,0.0410283544291445,0.037022049726285,"APOA2/APOC2/ELOVL5/GPLD1/LDLR/SCARB1",6
"liver","GO:0032868","response to insulin","6/167","41/4524",0.00355378239352739,0.0462290348334488,0.0417148981531256,"SLC39A14/IGF1/IGF2/RARRES2/PCK1/GPLD1",6
"liver","GO:0002698","negative regulation of immune effector process","4/167","18/4524",0.00365301277552563,0.0467344113761461,0.0421709260819705,"APOA2/SERPING1/ARG1/TMBIM6",4
"liver","GO:0042398","cellular modified amino acid biosynthetic process","4/167","18/4524",0.00365301277552563,0.0467344113761461,0.0421709260819705,"GATM/FPGS/ALDH9A1/GAMT",4
"liver","GO:0062012","regulation of small molecule metabolic process","8/167","70/4524",0.0039085482769238,0.0495937109235905,0.0447510229808272,"APOC3/APOC2/IGF1/MST1/ELOVL5/INSIG1/GPLD1/LDLR",8
